8907,CBS/(A*/SIC) + BP + PC without smart tie breaking using Dynamic Lazy Open List with Heuristic MVC of Cardinal Conflict Graph Heuristic Runtime
8990,CBS/(A*/SIC) + BP + PC without smart tie breaking using Dynamic Lazy Open List with Heuristic MVC of Cardinal Conflict Graph Heuristic Runtime
9042,MA-CBS-Global-10/(EPEA*/SIC) choosing the first conflict in CBS nodes Runtime
3306,ICTS 3E +ID Runtime
3111,CBS/(A*/SIC) + BP + PC without smart tie breaking using Dynamic Lazy Open List with Heuristic MVC of Cardinal Conflict Graph Heuristic Runtime
8831,CBS/(A*/SIC) + BP + PC without smart tie breaking using Dynamic Lazy Open List with Heuristic MVC of Cardinal Conflict Graph Heuristic Runtime
8953,CBS/(A*/SIC) + BP + PC without smart tie breaking using Dynamic Lazy Open List with Heuristic MVC of Cardinal Conflict Graph Heuristic Runtime
8908,CBS/(A*/SIC) + BP + PC without smart tie breaking using Dynamic Lazy Open List with Heuristic MVC of Cardinal Conflict Graph Heuristic Runtime
8926,CBS/(A*/SIC) + BP + PC without smart tie breaking using Dynamic Lazy Open List with Heuristic MVC of Cardinal Conflict Graph Heuristic Runtime
8812,CBS/(A*/SIC) + BP + PC without smart tie breaking using Dynamic Lazy Open List with Heuristic MVC of Cardinal Conflict Graph Heuristic Runtime
8979,MA-CBS-Global-10/(EPEA*/SIC) choosing the first conflict in CBS nodes Runtime
8986,CBS/(A*/SIC) + BP + PC without smart tie breaking using Dynamic Lazy Open List with Heuristic MVC of Cardinal Conflict Graph Heuristic Runtime
3127,Basic-CBS/(A*/SIC)+ID Runtime
3310,ICTS 3E +ID Runtime
3292,MA-CBS-Global-10/(EPEA*/SIC) choosing the first conflict in CBS nodes Runtime
3131,MA-CBS-Global-10/(EPEA*/SIC) choosing the first conflict in CBS nodes Runtime
8921,MA-CBS-Global-10/(EPEA*/SIC) choosing the first conflict in CBS nodes Runtime
8817,MA-CBS-Global-10/(EPEA*/SIC) choosing the first conflict in CBS nodes Runtime
3305,ICTS 3E +ID Runtime
8900,CBS/(A*/SIC) + BP + PC without smart tie breaking using Dynamic Lazy Open List with Heuristic MVC of Cardinal Conflict Graph Heuristic Runtime
8855,MA-CBS-Global-10/(EPEA*/SIC) choosing the first conflict in CBS nodes Runtime
8869,CBS/(A*/SIC) + BP + PC without smart tie breaking using Dynamic Lazy Open List with Heuristic MVC of Cardinal Conflict Graph Heuristic Runtime
8983,CBS/(A*/SIC) + BP + PC without smart tie breaking using Dynamic Lazy Open List with Heuristic MVC of Cardinal Conflict Graph Heuristic Runtime
8987,Basic-CBS/(A*/SIC)+ID Runtime
9060,A*+OD+ID Runtime
3303,CBS/(A*/SIC) + BP + PC without smart tie breaking using Dynamic Lazy Open List with Heuristic MVC of Cardinal Conflict Graph Heuristic Runtime
3176,MA-CBS-Global-10/(EPEA*/SIC) choosing the first conflict in CBS nodes Runtime
8835,MA-CBS-Global-10/(EPEA*/SIC) choosing the first conflict in CBS nodes Runtime
8863,ICTS 3E +ID Runtime
3099,Basic-CBS/(A*/SIC)+ID Runtime
9044,CBS/(A*/SIC) + BP + PC without smart tie breaking using Dynamic Lazy Open List with Heuristic MVC of Cardinal Conflict Graph Heuristic Runtime
3124,CBS/(A*/SIC) + BP + PC without smart tie breaking using Dynamic Lazy Open List with Heuristic MVC of Cardinal Conflict Graph Heuristic Runtime
3273,CBS/(A*/SIC) + BP + PC without smart tie breaking using Dynamic Lazy Open List with Heuristic MVC of Cardinal Conflict Graph Heuristic Runtime
3204,CBS/(A*/SIC) + BP + PC without smart tie breaking using Dynamic Lazy Open List with Heuristic MVC of Cardinal Conflict Graph Heuristic Runtime
3187,CBS/(A*/SIC) + BP + PC without smart tie breaking using Dynamic Lazy Open List with Heuristic MVC of Cardinal Conflict Graph Heuristic Runtime
9041,CBS/(A*/SIC) + BP + PC without smart tie breaking using Dynamic Lazy Open List with Heuristic MVC of Cardinal Conflict Graph Heuristic Runtime
8805,MA-CBS-Global-10/(EPEA*/SIC) choosing the first conflict in CBS nodes Runtime
3133,CBS/(A*/SIC) + BP + PC without smart tie breaking using Dynamic Lazy Open List with Heuristic MVC of Cardinal Conflict Graph Heuristic Runtime
3112,CBS/(A*/SIC) + BP + PC without smart tie breaking using Dynamic Lazy Open List with Heuristic MVC of Cardinal Conflict Graph Heuristic Runtime
9034,CBS/(A*/SIC) + BP + PC without smart tie breaking using Dynamic Lazy Open List with Heuristic MVC of Cardinal Conflict Graph Heuristic Runtime
3279,MA-CBS-Global-10/(EPEA*/SIC) choosing the first conflict in CBS nodes Runtime
3173,Basic-CBS/(A*/SIC)+ID Runtime
3117,ICTS 3E +ID Runtime
3086,CBS/(A*/SIC) + BP + PC without smart tie breaking using Dynamic Lazy Open List with Heuristic MVC of Cardinal Conflict Graph Heuristic Runtime
3283,MA-CBS-Global-10/(EPEA*/SIC) choosing the first conflict in CBS nodes Runtime
8867,CBS/(A*/SIC) + BP + PC without smart tie breaking using Dynamic Lazy Open List with Heuristic MVC of Cardinal Conflict Graph Heuristic Runtime
3327,CBS/(A*/SIC) + BP + PC without smart tie breaking using Dynamic Lazy Open List with Heuristic MVC of Cardinal Conflict Graph Heuristic Runtime
3328,CBS/(A*/SIC) + BP + PC without smart tie breaking using Dynamic Lazy Open List with Heuristic MVC of Cardinal Conflict Graph Heuristic Runtime
9017,ICTS 3E +ID Runtime
3148,MA-CBS-Global-10/(EPEA*/SIC) choosing the first conflict in CBS nodes Runtime
8955,CBS/(A*/SIC) + BP + PC without smart tie breaking using Dynamic Lazy Open List with Heuristic MVC of Cardinal Conflict Graph Heuristic Runtime
9031,CBS/(A*/SIC) + BP + PC without smart tie breaking using Dynamic Lazy Open List with Heuristic MVC of Cardinal Conflict Graph Heuristic Runtime
9032,CBS/(A*/SIC) + BP + PC without smart tie breaking using Dynamic Lazy Open List with Heuristic MVC of Cardinal Conflict Graph Heuristic Runtime
8999,CBS/(A*/SIC) + BP + PC without smart tie breaking using Dynamic Lazy Open List with Heuristic MVC of Cardinal Conflict Graph Heuristic Runtime
8856,CBS/(A*/SIC) + BP + PC without smart tie breaking using Dynamic Lazy Open List with Heuristic MVC of Cardinal Conflict Graph Heuristic Runtime
3185,CBS/(A*/SIC) + BP + PC without smart tie breaking using Dynamic Lazy Open List with Heuristic MVC of Cardinal Conflict Graph Heuristic Runtime
8813,CBS/(A*/SIC) + BP + PC without smart tie breaking using Dynamic Lazy Open List with Heuristic MVC of Cardinal Conflict Graph Heuristic Runtime
3223,CBS/(A*/SIC) + BP + PC without smart tie breaking using Dynamic Lazy Open List with Heuristic MVC of Cardinal Conflict Graph Heuristic Runtime
8898,CBS/(A*/SIC) + BP + PC without smart tie breaking using Dynamic Lazy Open List with Heuristic MVC of Cardinal Conflict Graph Heuristic Runtime
8864,CBS/(A*/SIC) + BP + PC without smart tie breaking using Dynamic Lazy Open List with Heuristic MVC of Cardinal Conflict Graph Heuristic Runtime
9048,MA-CBS-Global-10/(EPEA*/SIC) choosing the first conflict in CBS nodes Runtime
8887,MA-CBS-Global-10/(EPEA*/SIC) choosing the first conflict in CBS nodes Runtime
3319,CBS/(A*/SIC) + BP + PC without smart tie breaking using Dynamic Lazy Open List with Heuristic MVC of Cardinal Conflict Graph Heuristic Runtime
8911,CBS/(A*/SIC) + BP + PC without smart tie breaking using Dynamic Lazy Open List with Heuristic MVC of Cardinal Conflict Graph Heuristic Runtime
3103,CBS/(A*/SIC) + BP + PC without smart tie breaking using Dynamic Lazy Open List with Heuristic MVC of Cardinal Conflict Graph Heuristic Runtime
3270,MA-CBS-Global-10/(EPEA*/SIC) choosing the first conflict in CBS nodes Runtime
3202,MA-CBS-Global-10/(EPEA*/SIC) choosing the first conflict in CBS nodes Runtime
3094,MA-CBS-Global-10/(EPEA*/SIC) choosing the first conflict in CBS nodes Runtime
3140,CBS/(A*/SIC) + BP + PC without smart tie breaking using Dynamic Lazy Open List with Heuristic MVC of Cardinal Conflict Graph Heuristic Runtime
8972,CBS/(A*/SIC) + BP + PC without smart tie breaking using Dynamic Lazy Open List with Heuristic MVC of Cardinal Conflict Graph Heuristic Runtime
8942,CBS/(A*/SIC) + BP + PC without smart tie breaking using Dynamic Lazy Open List with Heuristic MVC of Cardinal Conflict Graph Heuristic Runtime
3212,MA-CBS-Global-10/(EPEA*/SIC) choosing the first conflict in CBS nodes Runtime
8825,MA-CBS-Global-10/(EPEA*/SIC) choosing the first conflict in CBS nodes Runtime
8916,MA-CBS-Global-10/(EPEA*/SIC) choosing the first conflict in CBS nodes Runtime
8871,MA-CBS-Global-10/(EPEA*/SIC) choosing the first conflict in CBS nodes Runtime
8888,MA-CBS-Global-10/(EPEA*/SIC) choosing the first conflict in CBS nodes Runtime
3308,ICTS 3E +ID Runtime
8808,MA-CBS-Global-10/(EPEA*/SIC) choosing the first conflict in CBS nodes Runtime
8952,CBS/(A*/SIC) + BP + PC without smart tie breaking using Dynamic Lazy Open List with Heuristic MVC of Cardinal Conflict Graph Heuristic Runtime
3251,MA-CBS-Global-10/(EPEA*/SIC) choosing the first conflict in CBS nodes Runtime
8799,MA-CBS-Global-10/(EPEA*/SIC) choosing the first conflict in CBS nodes Runtime
3277,MA-CBS-Global-10/(EPEA*/SIC) choosing the first conflict in CBS nodes Runtime
8860,CBS/(A*/SIC) + BP + PC without smart tie breaking using Dynamic Lazy Open List with Heuristic MVC of Cardinal Conflict Graph Heuristic Runtime
3089,CBS/(A*/SIC) + BP + PC without smart tie breaking using Dynamic Lazy Open List with Heuristic MVC of Cardinal Conflict Graph Heuristic Runtime
3291,MA-CBS-Global-10/(EPEA*/SIC) choosing the first conflict in CBS nodes Runtime
3264,CBS/(A*/SIC) + BP + PC without smart tie breaking using Dynamic Lazy Open List with Heuristic MVC of Cardinal Conflict Graph Heuristic Runtime
8981,MA-CBS-Global-10/(EPEA*/SIC) choosing the first conflict in CBS nodes Runtime
3141,CBS/(A*/SIC) + BP + PC without smart tie breaking using Dynamic Lazy Open List with Heuristic MVC of Cardinal Conflict Graph Heuristic Runtime
3214,MA-CBS-Global-10/(EPEA*/SIC) choosing the first conflict in CBS nodes Runtime
3249,MA-CBS-Global-10/(EPEA*/SIC) choosing the first conflict in CBS nodes Runtime
8809,MA-CBS-Global-10/(EPEA*/SIC) choosing the first conflict in CBS nodes Runtime
8938,CBS/(A*/SIC) + BP + PC without smart tie breaking using Dynamic Lazy Open List with Heuristic MVC of Cardinal Conflict Graph Heuristic Runtime
3268,CBS/(A*/SIC) + BP + PC without smart tie breaking using Dynamic Lazy Open List with Heuristic MVC of Cardinal Conflict Graph Heuristic Runtime
8861,CBS/(A*/SIC) + BP + PC without smart tie breaking using Dynamic Lazy Open List with Heuristic MVC of Cardinal Conflict Graph Heuristic Runtime
3221,CBS/(A*/SIC) + BP + PC without smart tie breaking using Dynamic Lazy Open List with Heuristic MVC of Cardinal Conflict Graph Heuristic Runtime
3113,CBS/(A*/SIC) + BP + PC without smart tie breaking using Dynamic Lazy Open List with Heuristic MVC of Cardinal Conflict Graph Heuristic Runtime
8827,CBS/(A*/SIC) + BP + PC without smart tie breaking using Dynamic Lazy Open List with Heuristic MVC of Cardinal Conflict Graph Heuristic Runtime
8880,ICTS 3E +ID Runtime
3191,CBS/(A*/SIC) + BP + PC without smart tie breaking using Dynamic Lazy Open List with Heuristic MVC of Cardinal Conflict Graph Heuristic Runtime
3107,MA-CBS-Global-10/(EPEA*/SIC) choosing the first conflict in CBS nodes Runtime
3313,MA-CBS-Global-10/(EPEA*/SIC) choosing the first conflict in CBS nodes Runtime
8969,MA-CBS-Global-10/(EPEA*/SIC) choosing the first conflict in CBS nodes Runtime
8920,MA-CBS-Global-10/(EPEA*/SIC) choosing the first conflict in CBS nodes Runtime
3132,CBS/(A*/SIC) + BP + PC without smart tie breaking using Dynamic Lazy Open List with Heuristic MVC of Cardinal Conflict Graph Heuristic Runtime
8924,MA-CBS-Global-10/(EPEA*/SIC) choosing the first conflict in CBS nodes Runtime
8840,CBS/(A*/SIC) + BP + PC without smart tie breaking using Dynamic Lazy Open List with Heuristic MVC of Cardinal Conflict Graph Heuristic Runtime
3259,CBS/(A*/SIC) + BP + PC without smart tie breaking using Dynamic Lazy Open List with Heuristic MVC of Cardinal Conflict Graph Heuristic Runtime
3092,CBS/(A*/SIC) + BP + PC without smart tie breaking using Dynamic Lazy Open List with Heuristic MVC of Cardinal Conflict Graph Heuristic Runtime
3183,CBS/(A*/SIC) + BP + PC without smart tie breaking using Dynamic Lazy Open List with Heuristic MVC of Cardinal Conflict Graph Heuristic Runtime
8797,MA-CBS-Global-10/(EPEA*/SIC) choosing the first conflict in CBS nodes Runtime
8807,MA-CBS-Global-10/(EPEA*/SIC) choosing the first conflict in CBS nodes Runtime
11902,CBS/(A*/SIC) + BP + PC without smart tie breaking using Dynamic Lazy Open List with Heuristic MVC of Cardinal Conflict Graph Heuristic Runtime
9004,CBS/(A*/SIC) + BP + PC without smart tie breaking using Dynamic Lazy Open List with Heuristic MVC of Cardinal Conflict Graph Heuristic Runtime
11891,CBS/(A*/SIC) + BP + PC without smart tie breaking using Dynamic Lazy Open List with Heuristic MVC of Cardinal Conflict Graph Heuristic Runtime
3157,CBS/(A*/SIC) + BP + PC without smart tie breaking using Dynamic Lazy Open List with Heuristic MVC of Cardinal Conflict Graph Heuristic Runtime
3101,CBS/(A*/SIC) + BP + PC without smart tie breaking using Dynamic Lazy Open List with Heuristic MVC of Cardinal Conflict Graph Heuristic Runtime
8857,CBS/(A*/SIC) + BP + PC without smart tie breaking using Dynamic Lazy Open List with Heuristic MVC of Cardinal Conflict Graph Heuristic Runtime
3081,CBS/(A*/SIC) + BP + PC without smart tie breaking using Dynamic Lazy Open List with Heuristic MVC of Cardinal Conflict Graph Heuristic Runtime
8873,CBS/(A*/SIC) + BP + PC without smart tie breaking using Dynamic Lazy Open List with Heuristic MVC of Cardinal Conflict Graph Heuristic Runtime
12439,CBS/(A*/SIC) + BP + PC without smart tie breaking using Dynamic Lazy Open List with Heuristic MVC of Cardinal Conflict Graph Heuristic Runtime
9051,MA-CBS-Global-10/(EPEA*/SIC) choosing the first conflict in CBS nodes Runtime
8917,MA-CBS-Global-10/(EPEA*/SIC) choosing the first conflict in CBS nodes Runtime
3128,Basic-CBS/(A*/SIC)+ID Runtime
8879,CBS/(A*/SIC) + BP + PC without smart tie breaking using Dynamic Lazy Open List with Heuristic MVC of Cardinal Conflict Graph Heuristic Runtime
11905,CBS/(A*/SIC) + BP + PC without smart tie breaking using Dynamic Lazy Open List with Heuristic MVC of Cardinal Conflict Graph Heuristic Runtime
3136,CBS/(A*/SIC) + BP + PC without smart tie breaking using Dynamic Lazy Open List with Heuristic MVC of Cardinal Conflict Graph Heuristic Runtime
8925,MA-CBS-Global-10/(EPEA*/SIC) choosing the first conflict in CBS nodes Runtime
9052,MA-CBS-Global-10/(EPEA*/SIC) choosing the first conflict in CBS nodes Runtime
12440,CBS/(A*/SIC) + BP + PC without smart tie breaking using Dynamic Lazy Open List with Heuristic MVC of Cardinal Conflict Graph Heuristic Runtime
8838,CBS/(A*/SIC) + BP + PC without smart tie breaking using Dynamic Lazy Open List with Heuristic MVC of Cardinal Conflict Graph Heuristic Runtime
3098,CBS/(A*/SIC) + BP + PC without smart tie breaking using Dynamic Lazy Open List with Heuristic MVC of Cardinal Conflict Graph Heuristic Runtime
3138,CBS/(A*/SIC) + BP + PC without smart tie breaking using Dynamic Lazy Open List with Heuristic MVC of Cardinal Conflict Graph Heuristic Runtime
3247,MA-CBS-Global-10/(EPEA*/SIC) choosing the first conflict in CBS nodes Runtime
3240,CBS/(A*/SIC) + BP + PC without smart tie breaking using Dynamic Lazy Open List with Heuristic MVC of Cardinal Conflict Graph Heuristic Runtime
3194,CBS/(A*/SIC) + BP + PC without smart tie breaking using Dynamic Lazy Open List with Heuristic MVC of Cardinal Conflict Graph Heuristic Runtime
8890,CBS/(A*/SIC) + BP + PC without smart tie breaking using Dynamic Lazy Open List with Heuristic MVC of Cardinal Conflict Graph Heuristic Runtime
8903,CBS/(A*/SIC) + BP + PC without smart tie breaking using Dynamic Lazy Open List with Heuristic MVC of Cardinal Conflict Graph Heuristic Runtime
9029,CBS/(A*/SIC) + BP + PC without smart tie breaking using Dynamic Lazy Open List with Heuristic MVC of Cardinal Conflict Graph Heuristic Runtime
3325,CBS/(A*/SIC) + BP + PC without smart tie breaking using Dynamic Lazy Open List with Heuristic MVC of Cardinal Conflict Graph Heuristic Runtime
3160,CBS/(A*/SIC) + BP + PC without smart tie breaking using Dynamic Lazy Open List with Heuristic MVC of Cardinal Conflict Graph Heuristic Runtime
9043,CBS/(A*/SIC) + BP + PC without smart tie breaking using Dynamic Lazy Open List with Heuristic MVC of Cardinal Conflict Graph Heuristic Runtime
3238,CBS/(A*/SIC) + BP + PC without smart tie breaking using Dynamic Lazy Open List with Heuristic MVC of Cardinal Conflict Graph Heuristic Runtime
3100,Basic-CBS/(A*/SIC)+ID Runtime
3215,MA-CBS-Global-10/(EPEA*/SIC) choosing the first conflict in CBS nodes Runtime
8811,CBS/(A*/SIC) + BP + PC without smart tie breaking using Dynamic Lazy Open List with Heuristic MVC of Cardinal Conflict Graph Heuristic Runtime
3188,CBS/(A*/SIC) + BP + PC without smart tie breaking using Dynamic Lazy Open List with Heuristic MVC of Cardinal Conflict Graph Heuristic Runtime
9020,ICTS 3E +ID Runtime
3284,MA-CBS-Global-10/(EPEA*/SIC) choosing the first conflict in CBS nodes Runtime
3201,MA-CBS-Global-10/(EPEA*/SIC) choosing the first conflict in CBS nodes Runtime
3093,MA-CBS-Global-10/(EPEA*/SIC) choosing the first conflict in CBS nodes Runtime
9045,CBS/(A*/SIC) + BP + PC without smart tie breaking using Dynamic Lazy Open List with Heuristic MVC of Cardinal Conflict Graph Heuristic Runtime
3297,MA-CBS-Global-10/(EPEA*/SIC) choosing the first conflict in CBS nodes Runtime
3293,MA-CBS-Global-10/(EPEA*/SIC) choosing the first conflict in CBS nodes Runtime
9025,CBS/(A*/SIC) + BP + PC without smart tie breaking using Dynamic Lazy Open List with Heuristic MVC of Cardinal Conflict Graph Heuristic Runtime
3080,MA-CBS-Global-10/(EPEA*/SIC) choosing the first conflict in CBS nodes Runtime
3299,CBS/(A*/SIC) + BP + PC without smart tie breaking using Dynamic Lazy Open List with Heuristic MVC of Cardinal Conflict Graph Heuristic Runtime
8959,CBS/(A*/SIC) + BP + PC without smart tie breaking using Dynamic Lazy Open List with Heuristic MVC of Cardinal Conflict Graph Heuristic Runtime
3077,MA-CBS-Global-10/(EPEA*/SIC) choosing the first conflict in CBS nodes Runtime
9056,MA-CBS-Global-10/(EPEA*/SIC) choosing the first conflict in CBS nodes Runtime
3203,MA-CBS-Global-10/(EPEA*/SIC) choosing the first conflict in CBS nodes Runtime
3165,CBS/(A*/SIC) + BP + PC without smart tie breaking using Dynamic Lazy Open List with Heuristic MVC of Cardinal Conflict Graph Heuristic Runtime
8991,MA-CBS-Global-10/(EPEA*/SIC) choosing the first conflict in CBS nodes Runtime
3180,CBS/(A*/SIC) + BP + PC without smart tie breaking using Dynamic Lazy Open List with Heuristic MVC of Cardinal Conflict Graph Heuristic Runtime
8892,MA-CBS-Global-10/(EPEA*/SIC) choosing the first conflict in CBS nodes Runtime
8930,MA-CBS-Global-10/(EPEA*/SIC) choosing the first conflict in CBS nodes Runtime
3252,MA-CBS-Global-10/(EPEA*/SIC) choosing the first conflict in CBS nodes Runtime
11910,CBS/(A*/SIC) + BP + PC without smart tie breaking using Dynamic Lazy Open List with Heuristic MVC of Cardinal Conflict Graph Heuristic Runtime
3309,ICTS 3E +ID Runtime
3318,CBS/(A*/SIC) + BP + PC without smart tie breaking using Dynamic Lazy Open List with Heuristic MVC of Cardinal Conflict Graph Heuristic Runtime
3137,CBS/(A*/SIC) + BP + PC without smart tie breaking using Dynamic Lazy Open List with Heuristic MVC of Cardinal Conflict Graph Heuristic Runtime
8945,CBS/(A*/SIC) + BP + PC without smart tie breaking using Dynamic Lazy Open List with Heuristic MVC of Cardinal Conflict Graph Heuristic Runtime
3084,MA-CBS-Global-10/(EPEA*/SIC) choosing the first conflict in CBS nodes Runtime
8820,MA-CBS-Global-10/(EPEA*/SIC) choosing the first conflict in CBS nodes Runtime
8896,CBS/(A*/SIC) + BP + PC without smart tie breaking using Dynamic Lazy Open List with Heuristic MVC of Cardinal Conflict Graph Heuristic Runtime
3311,CBS/(A*/SIC) + BP + PC without smart tie breaking using Dynamic Lazy Open List with Heuristic MVC of Cardinal Conflict Graph Heuristic Runtime
8919,MA-CBS-Global-10/(EPEA*/SIC) choosing the first conflict in CBS nodes Runtime
3162,CBS/(A*/SIC) + BP + PC without smart tie breaking using Dynamic Lazy Open List with Heuristic MVC of Cardinal Conflict Graph Heuristic Runtime
3213,MA-CBS-Global-10/(EPEA*/SIC) choosing the first conflict in CBS nodes Runtime
8829,CBS/(A*/SIC) + BP + PC without smart tie breaking using Dynamic Lazy Open List with Heuristic MVC of Cardinal Conflict Graph Heuristic Runtime
3151,CBS/(A*/SIC) + BP + PC without smart tie breaking using Dynamic Lazy Open List with Heuristic MVC of Cardinal Conflict Graph Heuristic Runtime
3083,CBS/(A*/SIC) + BP + PC without smart tie breaking using Dynamic Lazy Open List with Heuristic MVC of Cardinal Conflict Graph Heuristic Runtime
11899,CBS/(A*/SIC) + BP + PC without smart tie breaking using Dynamic Lazy Open List with Heuristic MVC of Cardinal Conflict Graph Heuristic Runtime
9037,CBS/(A*/SIC) + BP + PC without smart tie breaking using Dynamic Lazy Open List with Heuristic MVC of Cardinal Conflict Graph Heuristic Runtime
8881,ICTS 3E +ID Runtime
3332,CBS/(A*/SIC) + BP + PC without smart tie breaking using Dynamic Lazy Open List with Heuristic MVC of Cardinal Conflict Graph Heuristic Runtime
8941,CBS/(A*/SIC) + BP + PC without smart tie breaking using Dynamic Lazy Open List with Heuristic MVC of Cardinal Conflict Graph Heuristic Runtime
3226,CBS/(A*/SIC) + BP + PC without smart tie breaking using Dynamic Lazy Open List with Heuristic MVC of Cardinal Conflict Graph Heuristic Runtime
8899,CBS/(A*/SIC) + BP + PC without smart tie breaking using Dynamic Lazy Open List with Heuristic MVC of Cardinal Conflict Graph Heuristic Runtime
3324,ICTS 3E +ID Runtime
8833,CBS/(A*/SIC) + BP + PC without smart tie breaking using Dynamic Lazy Open List with Heuristic MVC of Cardinal Conflict Graph Heuristic Runtime
9011,MA-CBS-Global-10/(EPEA*/SIC) choosing the first conflict in CBS nodes Runtime
8993,MA-CBS-Global-10/(EPEA*/SIC) choosing the first conflict in CBS nodes Runtime
3079,CBS/(A*/SIC) + BP + PC without smart tie breaking using Dynamic Lazy Open List with Heuristic MVC of Cardinal Conflict Graph Heuristic Runtime
8819,MA-CBS-Global-10/(EPEA*/SIC) choosing the first conflict in CBS nodes Runtime
8841,CBS/(A*/SIC) + BP + PC without smart tie breaking using Dynamic Lazy Open List with Heuristic MVC of Cardinal Conflict Graph Heuristic Runtime
3330,CBS/(A*/SIC) + BP + PC without smart tie breaking using Dynamic Lazy Open List with Heuristic MVC of Cardinal Conflict Graph Heuristic Runtime
3241,CBS/(A*/SIC) + BP + PC without smart tie breaking using Dynamic Lazy Open List with Heuristic MVC of Cardinal Conflict Graph Heuristic Runtime
9024,CBS/(A*/SIC) + BP + PC without smart tie breaking using Dynamic Lazy Open List with Heuristic MVC of Cardinal Conflict Graph Heuristic Runtime
3237,CBS/(A*/SIC) + BP + PC without smart tie breaking using Dynamic Lazy Open List with Heuristic MVC of Cardinal Conflict Graph Heuristic Runtime
3231,MA-CBS-Global-10/(EPEA*/SIC) choosing the first conflict in CBS nodes Runtime
12431,CBS/(A*/SIC) + BP + PC without smart tie breaking using Dynamic Lazy Open List with Heuristic MVC of Cardinal Conflict Graph Heuristic Runtime
3242,CBS/(A*/SIC) + BP + PC without smart tie breaking using Dynamic Lazy Open List with Heuristic MVC of Cardinal Conflict Graph Heuristic Runtime
8994,MA-CBS-Global-10/(EPEA*/SIC) choosing the first conflict in CBS nodes Runtime
9063,ICTS 3E +ID Runtime
3155,CBS/(A*/SIC) + BP + PC without smart tie breaking using Dynamic Lazy Open List with Heuristic MVC of Cardinal Conflict Graph Heuristic Runtime
11892,CBS/(A*/SIC) + BP + PC without smart tie breaking using Dynamic Lazy Open List with Heuristic MVC of Cardinal Conflict Graph Heuristic Runtime
8931,CBS/(A*/SIC) + BP + PC without smart tie breaking using Dynamic Lazy Open List with Heuristic MVC of Cardinal Conflict Graph Heuristic Runtime
8985,CBS/(A*/SIC) + BP + PC without smart tie breaking using Dynamic Lazy Open List with Heuristic MVC of Cardinal Conflict Graph Heuristic Runtime
3294,MA-CBS-Global-10/(EPEA*/SIC) choosing the first conflict in CBS nodes Runtime
3285,A*+OD+ID Runtime
9005,CBS/(A*/SIC) + BP + PC without smart tie breaking using Dynamic Lazy Open List with Heuristic MVC of Cardinal Conflict Graph Heuristic Runtime
3143,CBS/(A*/SIC) + BP + PC without smart tie breaking using Dynamic Lazy Open List with Heuristic MVC of Cardinal Conflict Graph Heuristic Runtime
8951,ICTS 3E +ID Runtime
8997,CBS/(A*/SIC) + BP + PC without smart tie breaking using Dynamic Lazy Open List with Heuristic MVC of Cardinal Conflict Graph Heuristic Runtime
3106,CBS/(A*/SIC) + BP + PC without smart tie breaking using Dynamic Lazy Open List with Heuristic MVC of Cardinal Conflict Graph Heuristic Runtime
3145,MA-CBS-Global-10/(EPEA*/SIC) choosing the first conflict in CBS nodes Runtime
3287,CBS/(A*/SIC) + BP + PC without smart tie breaking using Dynamic Lazy Open List with Heuristic MVC of Cardinal Conflict Graph Heuristic Runtime
8950,MA-CBS-Global-10/(EPEA*/SIC) choosing the first conflict in CBS nodes Runtime
8947,CBS/(A*/SIC) + BP + PC without smart tie breaking using Dynamic Lazy Open List with Heuristic MVC of Cardinal Conflict Graph Heuristic Runtime
3144,CBS/(A*/SIC) + BP + PC without smart tie breaking using Dynamic Lazy Open List with Heuristic MVC of Cardinal Conflict Graph Heuristic Runtime
3085,CBS/(A*/SIC) + BP + PC without smart tie breaking using Dynamic Lazy Open List with Heuristic MVC of Cardinal Conflict Graph Heuristic Runtime
8874,CBS/(A*/SIC) + BP + PC without smart tie breaking using Dynamic Lazy Open List with Heuristic MVC of Cardinal Conflict Graph Heuristic Runtime
8992,MA-CBS-Global-10/(EPEA*/SIC) choosing the first conflict in CBS nodes Runtime
3316,CBS/(A*/SIC) + BP + PC without smart tie breaking using Dynamic Lazy Open List with Heuristic MVC of Cardinal Conflict Graph Heuristic Runtime
3158,CBS/(A*/SIC) + BP + PC without smart tie breaking using Dynamic Lazy Open List with Heuristic MVC of Cardinal Conflict Graph Heuristic Runtime
3243,CBS/(A*/SIC) + BP + PC without smart tie breaking using Dynamic Lazy Open List with Heuristic MVC of Cardinal Conflict Graph Heuristic Runtime
3233,MA-CBS-Global-10/(EPEA*/SIC) choosing the first conflict in CBS nodes Runtime
3235,CBS/(A*/SIC) + BP + PC without smart tie breaking using Dynamic Lazy Open List with Heuristic MVC of Cardinal Conflict Graph Heuristic Runtime
8934,CBS/(A*/SIC) + BP + PC without smart tie breaking using Dynamic Lazy Open List with Heuristic MVC of Cardinal Conflict Graph Heuristic Runtime
8936,CBS/(A*/SIC) + BP + PC without smart tie breaking using Dynamic Lazy Open List with Heuristic MVC of Cardinal Conflict Graph Heuristic Runtime
3149,MA-CBS-Global-10/(EPEA*/SIC) choosing the first conflict in CBS nodes Runtime
8922,MA-CBS-Global-10/(EPEA*/SIC) choosing the first conflict in CBS nodes Runtime
3331,CBS/(A*/SIC) + BP + PC without smart tie breaking using Dynamic Lazy Open List with Heuristic MVC of Cardinal Conflict Graph Heuristic Runtime
9054,CBS/(A*/SIC) + BP + PC without smart tie breaking using Dynamic Lazy Open List with Heuristic MVC of Cardinal Conflict Graph Heuristic Runtime
9018,ICTS 3E +ID Runtime
8982,CBS/(A*/SIC) + BP + PC without smart tie breaking using Dynamic Lazy Open List with Heuristic MVC of Cardinal Conflict Graph Heuristic Runtime
3091,CBS/(A*/SIC) + BP + PC without smart tie breaking using Dynamic Lazy Open List with Heuristic MVC of Cardinal Conflict Graph Heuristic Runtime
8984,MA-CBS-Global-10/(EPEA*/SIC) choosing the first conflict in CBS nodes Runtime
9009,CBS/(A*/SIC) + BP + PC without smart tie breaking using Dynamic Lazy Open List with Heuristic MVC of Cardinal Conflict Graph Heuristic Runtime
9057,A*+OD+ID Runtime
8818,MA-CBS-Global-10/(EPEA*/SIC) choosing the first conflict in CBS nodes Runtime
8897,CBS/(A*/SIC) + BP + PC without smart tie breaking using Dynamic Lazy Open List with Heuristic MVC of Cardinal Conflict Graph Heuristic Runtime
3216,ICTS 3E +ID Runtime
3307,ICTS 3E +ID Runtime
3159,CBS/(A*/SIC) + BP + PC without smart tie breaking using Dynamic Lazy Open List with Heuristic MVC of Cardinal Conflict Graph Heuristic Runtime
8814,CBS/(A*/SIC) + BP + PC without smart tie breaking using Dynamic Lazy Open List with Heuristic MVC of Cardinal Conflict Graph Heuristic Runtime
9055,CBS/(A*/SIC) + BP + PC without smart tie breaking using Dynamic Lazy Open List with Heuristic MVC of Cardinal Conflict Graph Heuristic Runtime
9033,CBS/(A*/SIC) + BP + PC without smart tie breaking using Dynamic Lazy Open List with Heuristic MVC of Cardinal Conflict Graph Heuristic Runtime
8973,CBS/(A*/SIC) + BP + PC without smart tie breaking using Dynamic Lazy Open List with Heuristic MVC of Cardinal Conflict Graph Heuristic Runtime
8913,MA-CBS-Global-10/(EPEA*/SIC) choosing the first conflict in CBS nodes Runtime
3246,MA-CBS-Global-10/(EPEA*/SIC) choosing the first conflict in CBS nodes Runtime
8854,CBS/(A*/SIC) + BP + PC without smart tie breaking using Dynamic Lazy Open List with Heuristic MVC of Cardinal Conflict Graph Heuristic Runtime
3198,CBS/(A*/SIC) + BP + PC without smart tie breaking using Dynamic Lazy Open List with Heuristic MVC of Cardinal Conflict Graph Heuristic Runtime
3182,CBS/(A*/SIC) + BP + PC without smart tie breaking using Dynamic Lazy Open List with Heuristic MVC of Cardinal Conflict Graph Heuristic Runtime
3281,MA-CBS-Global-10/(EPEA*/SIC) choosing the first conflict in CBS nodes Runtime
3267,CBS/(A*/SIC) + BP + PC without smart tie breaking using Dynamic Lazy Open List with Heuristic MVC of Cardinal Conflict Graph Heuristic Runtime
3156,CBS/(A*/SIC) + BP + PC without smart tie breaking using Dynamic Lazy Open List with Heuristic MVC of Cardinal Conflict Graph Heuristic Runtime
8852,CBS/(A*/SIC) + BP + PC without smart tie breaking using Dynamic Lazy Open List with Heuristic MVC of Cardinal Conflict Graph Heuristic Runtime
12429,CBS/(A*/SIC) + BP + PC without smart tie breaking using Dynamic Lazy Open List with Heuristic MVC of Cardinal Conflict Graph Heuristic Runtime
8862,CBS/(A*/SIC) + BP + PC without smart tie breaking using Dynamic Lazy Open List with Heuristic MVC of Cardinal Conflict Graph Heuristic Runtime
8975,CBS/(A*/SIC) + BP + PC without smart tie breaking using Dynamic Lazy Open List with Heuristic MVC of Cardinal Conflict Graph Heuristic Runtime
8964,CBS/(A*/SIC) + BP + PC without smart tie breaking using Dynamic Lazy Open List with Heuristic MVC of Cardinal Conflict Graph Heuristic Runtime
3225,ICTS 3E +ID Runtime
3314,MA-CBS-Global-10/(EPEA*/SIC) choosing the first conflict in CBS nodes Runtime
3256,EPEA*+ID Runtime
3245,MA-CBS-Global-10/(EPEA*/SIC) choosing the first conflict in CBS nodes Runtime
3196,CBS/(A*/SIC) + BP + PC without smart tie breaking using Dynamic Lazy Open List with Heuristic MVC of Cardinal Conflict Graph Heuristic Runtime
8937,CBS/(A*/SIC) + BP + PC without smart tie breaking using Dynamic Lazy Open List with Heuristic MVC of Cardinal Conflict Graph Heuristic Runtime
3301,CBS/(A*/SIC) + BP + PC without smart tie breaking using Dynamic Lazy Open List with Heuristic MVC of Cardinal Conflict Graph Heuristic Runtime
3147,MA-CBS-Global-10/(EPEA*/SIC) choosing the first conflict in CBS nodes Runtime
8970,CBS/(A*/SIC) + BP + PC without smart tie breaking using Dynamic Lazy Open List with Heuristic MVC of Cardinal Conflict Graph Heuristic Runtime
3088,CBS/(A*/SIC) + BP + PC without smart tie breaking using Dynamic Lazy Open List with Heuristic MVC of Cardinal Conflict Graph Heuristic Runtime
9007,CBS/(A*/SIC) + BP + PC without smart tie breaking using Dynamic Lazy Open List with Heuristic MVC of Cardinal Conflict Graph Heuristic Runtime
8967,MA-CBS-Global-10/(EPEA*/SIC) choosing the first conflict in CBS nodes Runtime
8883,MA-CBS-Global-10/(EPEA*/SIC) choosing the first conflict in CBS nodes Runtime
11895,CBS/(A*/SIC) + BP + PC without smart tie breaking using Dynamic Lazy Open List with Heuristic MVC of Cardinal Conflict Graph Heuristic Runtime
8798,MA-CBS-Global-10/(EPEA*/SIC) choosing the first conflict in CBS nodes Runtime
3232,MA-CBS-Global-10/(EPEA*/SIC) choosing the first conflict in CBS nodes Runtime
3326,CBS/(A*/SIC) + BP + PC without smart tie breaking using Dynamic Lazy Open List with Heuristic MVC of Cardinal Conflict Graph Heuristic Runtime
3177,MA-CBS-Global-10/(EPEA*/SIC) choosing the first conflict in CBS nodes Runtime
3253,MA-CBS-Global-10/(EPEA*/SIC) choosing the first conflict in CBS nodes Runtime
3200,MA-CBS-Global-10/(EPEA*/SIC) choosing the first conflict in CBS nodes Runtime
3167,MA-CBS-Global-10/(EPEA*/SIC) choosing the first conflict in CBS nodes Runtime
3278,MA-CBS-Global-10/(EPEA*/SIC) choosing the first conflict in CBS nodes Runtime
3186,CBS/(A*/SIC) + BP + PC without smart tie breaking using Dynamic Lazy Open List with Heuristic MVC of Cardinal Conflict Graph Heuristic Runtime
3082,CBS/(A*/SIC) + BP + PC without smart tie breaking using Dynamic Lazy Open List with Heuristic MVC of Cardinal Conflict Graph Heuristic Runtime
3078,CBS/(A*/SIC) + BP + PC without smart tie breaking using Dynamic Lazy Open List with Heuristic MVC of Cardinal Conflict Graph Heuristic Runtime
3320,CBS/(A*/SIC) + BP + PC without smart tie breaking using Dynamic Lazy Open List with Heuristic MVC of Cardinal Conflict Graph Heuristic Runtime
9030,CBS/(A*/SIC) + BP + PC without smart tie breaking using Dynamic Lazy Open List with Heuristic MVC of Cardinal Conflict Graph Heuristic Runtime
9001,CBS/(A*/SIC) + BP + PC without smart tie breaking using Dynamic Lazy Open List with Heuristic MVC of Cardinal Conflict Graph Heuristic Runtime
3139,CBS/(A*/SIC) + BP + PC without smart tie breaking using Dynamic Lazy Open List with Heuristic MVC of Cardinal Conflict Graph Heuristic Runtime
9036,CBS/(A*/SIC) + BP + PC without smart tie breaking using Dynamic Lazy Open List with Heuristic MVC of Cardinal Conflict Graph Heuristic Runtime
3161,CBS/(A*/SIC) + BP + PC without smart tie breaking using Dynamic Lazy Open List with Heuristic MVC of Cardinal Conflict Graph Heuristic Runtime
3142,CBS/(A*/SIC) + BP + PC without smart tie breaking using Dynamic Lazy Open List with Heuristic MVC of Cardinal Conflict Graph Heuristic Runtime
12436,CBS/(A*/SIC) + BP + PC without smart tie breaking using Dynamic Lazy Open List with Heuristic MVC of Cardinal Conflict Graph Heuristic Runtime
9049,CBS/(A*/SIC) + BP + PC without smart tie breaking using Dynamic Lazy Open List with Heuristic MVC of Cardinal Conflict Graph Heuristic Runtime
3315,CBS/(A*/SIC) + BP + PC without smart tie breaking using Dynamic Lazy Open List with Heuristic MVC of Cardinal Conflict Graph Heuristic Runtime
8836,MA-CBS-Global-10/(EPEA*/SIC) choosing the first conflict in CBS nodes Runtime
8939,CBS/(A*/SIC) + BP + PC without smart tie breaking using Dynamic Lazy Open List with Heuristic MVC of Cardinal Conflict Graph Heuristic Runtime
3130,Basic-CBS/(A*/SIC)+ID Runtime
11900,CBS/(A*/SIC) + BP + PC without smart tie breaking using Dynamic Lazy Open List with Heuristic MVC of Cardinal Conflict Graph Heuristic Runtime
9014,CBS/(A*/SIC) + BP + PC without smart tie breaking using Dynamic Lazy Open List with Heuristic MVC of Cardinal Conflict Graph Heuristic Runtime
8858,CBS/(A*/SIC) + BP + PC without smart tie breaking using Dynamic Lazy Open List with Heuristic MVC of Cardinal Conflict Graph Heuristic Runtime
9035,CBS/(A*/SIC) + BP + PC without smart tie breaking using Dynamic Lazy Open List with Heuristic MVC of Cardinal Conflict Graph Heuristic Runtime
8978,MA-CBS-Global-10/(EPEA*/SIC) choosing the first conflict in CBS nodes Runtime
3207,CBS/(A*/SIC) + BP + PC without smart tie breaking using Dynamic Lazy Open List with Heuristic MVC of Cardinal Conflict Graph Heuristic Runtime
3304,CBS/(A*/SIC) + BP + PC without smart tie breaking using Dynamic Lazy Open List with Heuristic MVC of Cardinal Conflict Graph Heuristic Runtime
3096,CBS/(A*/SIC) + BP + PC without smart tie breaking using Dynamic Lazy Open List with Heuristic MVC of Cardinal Conflict Graph Heuristic Runtime
9010,CBS/(A*/SIC) + BP + PC without smart tie breaking using Dynamic Lazy Open List with Heuristic MVC of Cardinal Conflict Graph Heuristic Runtime
9023,CBS/(A*/SIC) + BP + PC without smart tie breaking using Dynamic Lazy Open List with Heuristic MVC of Cardinal Conflict Graph Heuristic Runtime
8865,CBS/(A*/SIC) + BP + PC without smart tie breaking using Dynamic Lazy Open List with Heuristic MVC of Cardinal Conflict Graph Heuristic Runtime
8859,CBS/(A*/SIC) + BP + PC without smart tie breaking using Dynamic Lazy Open List with Heuristic MVC of Cardinal Conflict Graph Heuristic Runtime
8870,CBS/(A*/SIC) + BP + PC without smart tie breaking using Dynamic Lazy Open List with Heuristic MVC of Cardinal Conflict Graph Heuristic Runtime
8830,CBS/(A*/SIC) + BP + PC without smart tie breaking using Dynamic Lazy Open List with Heuristic MVC of Cardinal Conflict Graph Heuristic Runtime
8823,CBS/(A*/SIC) + BP + PC without smart tie breaking using Dynamic Lazy Open List with Heuristic MVC of Cardinal Conflict Graph Heuristic Runtime
8891,MA-CBS-Global-10/(EPEA*/SIC) choosing the first conflict in CBS nodes Runtime
8971,CBS/(A*/SIC) + BP + PC without smart tie breaking using Dynamic Lazy Open List with Heuristic MVC of Cardinal Conflict Graph Heuristic Runtime
3114,CBS/(A*/SIC) + BP + PC without smart tie breaking using Dynamic Lazy Open List with Heuristic MVC of Cardinal Conflict Graph Heuristic Runtime
8960,CBS/(A*/SIC) + BP + PC without smart tie breaking using Dynamic Lazy Open List with Heuristic MVC of Cardinal Conflict Graph Heuristic Runtime
8902,MA-CBS-Global-10/(EPEA*/SIC) choosing the first conflict in CBS nodes Runtime
3227,CBS/(A*/SIC) + BP + PC without smart tie breaking using Dynamic Lazy Open List with Heuristic MVC of Cardinal Conflict Graph Heuristic Runtime
9012,MA-CBS-Global-10/(EPEA*/SIC) choosing the first conflict in CBS nodes Runtime
8845,CBS/(A*/SIC) + BP + PC without smart tie breaking using Dynamic Lazy Open List with Heuristic MVC of Cardinal Conflict Graph Heuristic Runtime
8948,CBS/(A*/SIC) + BP + PC without smart tie breaking using Dynamic Lazy Open List with Heuristic MVC of Cardinal Conflict Graph Heuristic Runtime
3184,CBS/(A*/SIC) + BP + PC without smart tie breaking using Dynamic Lazy Open List with Heuristic MVC of Cardinal Conflict Graph Heuristic Runtime
8928,CBS/(A*/SIC) + BP + PC without smart tie breaking using Dynamic Lazy Open List with Heuristic MVC of Cardinal Conflict Graph Heuristic Runtime
8849,CBS/(A*/SIC) + BP + PC without smart tie breaking using Dynamic Lazy Open List with Heuristic MVC of Cardinal Conflict Graph Heuristic Runtime
3192,MA-CBS-Global-10/(EPEA*/SIC) choosing the first conflict in CBS nodes Runtime
3230,MA-CBS-Global-10/(EPEA*/SIC) choosing the first conflict in CBS nodes Runtime
9026,CBS/(A*/SIC) + BP + PC without smart tie breaking using Dynamic Lazy Open List with Heuristic MVC of Cardinal Conflict Graph Heuristic Runtime
3087,CBS/(A*/SIC) + BP + PC without smart tie breaking using Dynamic Lazy Open List with Heuristic MVC of Cardinal Conflict Graph Heuristic Runtime
3254,MA-CBS-Global-10/(EPEA*/SIC) choosing the first conflict in CBS nodes Runtime
9039,MA-CBS-Global-10/(EPEA*/SIC) choosing the first conflict in CBS nodes Runtime
3179,MA-CBS-Global-10/(EPEA*/SIC) choosing the first conflict in CBS nodes Runtime
12432,CBS/(A*/SIC) + BP + PC without smart tie breaking using Dynamic Lazy Open List with Heuristic MVC of Cardinal Conflict Graph Heuristic Runtime
3153,CBS/(A*/SIC) + BP + PC without smart tie breaking using Dynamic Lazy Open List with Heuristic MVC of Cardinal Conflict Graph Heuristic Runtime
3120,MA-CBS-Global-10/(EPEA*/SIC) choosing the first conflict in CBS nodes Runtime
3178,MA-CBS-Global-10/(EPEA*/SIC) choosing the first conflict in CBS nodes Runtime
3129,Basic-CBS/(A*/SIC)+ID Runtime
8932,CBS/(A*/SIC) + BP + PC without smart tie breaking using Dynamic Lazy Open List with Heuristic MVC of Cardinal Conflict Graph Heuristic Runtime
8989,CBS/(A*/SIC) + BP + PC without smart tie breaking using Dynamic Lazy Open List with Heuristic MVC of Cardinal Conflict Graph Heuristic Runtime
9000,CBS/(A*/SIC) + BP + PC without smart tie breaking using Dynamic Lazy Open List with Heuristic MVC of Cardinal Conflict Graph Heuristic Runtime
3288,MA-CBS-Global-10/(EPEA*/SIC) choosing the first conflict in CBS nodes Runtime
8851,CBS/(A*/SIC) + BP + PC without smart tie breaking using Dynamic Lazy Open List with Heuristic MVC of Cardinal Conflict Graph Heuristic Runtime
3265,CBS/(A*/SIC) + BP + PC without smart tie breaking using Dynamic Lazy Open List with Heuristic MVC of Cardinal Conflict Graph Heuristic Runtime
8904,CBS/(A*/SIC) + BP + PC without smart tie breaking using Dynamic Lazy Open List with Heuristic MVC of Cardinal Conflict Graph Heuristic Runtime
3108,MA-CBS-Global-10/(EPEA*/SIC) choosing the first conflict in CBS nodes Runtime
3257,EPEA*+ID Runtime
3190,CBS/(A*/SIC) + BP + PC without smart tie breaking using Dynamic Lazy Open List with Heuristic MVC of Cardinal Conflict Graph Heuristic Runtime
3260,CBS/(A*/SIC) + BP + PC without smart tie breaking using Dynamic Lazy Open List with Heuristic MVC of Cardinal Conflict Graph Heuristic Runtime
3323,ICTS 3E +ID Runtime
9058,A*+OD+ID Runtime
3175,MA-CBS-Global-10/(EPEA*/SIC) choosing the first conflict in CBS nodes Runtime
11901,CBS/(A*/SIC) + BP + PC without smart tie breaking using Dynamic Lazy Open List with Heuristic MVC of Cardinal Conflict Graph Heuristic Runtime
8976,CBS/(A*/SIC) + BP + PC without smart tie breaking using Dynamic Lazy Open List with Heuristic MVC of Cardinal Conflict Graph Heuristic Runtime
3135,CBS/(A*/SIC) + BP + PC without smart tie breaking using Dynamic Lazy Open List with Heuristic MVC of Cardinal Conflict Graph Heuristic Runtime
8816,MA-CBS-Global-10/(EPEA*/SIC) choosing the first conflict in CBS nodes Runtime
8826,CBS/(A*/SIC) + BP + PC without smart tie breaking using Dynamic Lazy Open List with Heuristic MVC of Cardinal Conflict Graph Heuristic Runtime
8895,CBS/(A*/SIC) + BP + PC without smart tie breaking using Dynamic Lazy Open List with Heuristic MVC of Cardinal Conflict Graph Heuristic Runtime
3110,CBS/(A*/SIC) + BP + PC without smart tie breaking using Dynamic Lazy Open List with Heuristic MVC of Cardinal Conflict Graph Heuristic Runtime
8839,CBS/(A*/SIC) + BP + PC without smart tie breaking using Dynamic Lazy Open List with Heuristic MVC of Cardinal Conflict Graph Heuristic Runtime
3097,CBS/(A*/SIC) + BP + PC without smart tie breaking using Dynamic Lazy Open List with Heuristic MVC of Cardinal Conflict Graph Heuristic Runtime
12438,CBS/(A*/SIC) + BP + PC without smart tie breaking using Dynamic Lazy Open List with Heuristic MVC of Cardinal Conflict Graph Heuristic Runtime
8886,MA-CBS-Global-10/(EPEA*/SIC) choosing the first conflict in CBS nodes Runtime
3262,CBS/(A*/SIC) + BP + PC without smart tie breaking using Dynamic Lazy Open List with Heuristic MVC of Cardinal Conflict Graph Heuristic Runtime
3322,ICTS 3E +ID Runtime
9006,CBS/(A*/SIC) + BP + PC without smart tie breaking using Dynamic Lazy Open List with Heuristic MVC of Cardinal Conflict Graph Heuristic Runtime
8844,CBS/(A*/SIC) + BP + PC without smart tie breaking using Dynamic Lazy Open List with Heuristic MVC of Cardinal Conflict Graph Heuristic Runtime
8995,MA-CBS-Global-10/(EPEA*/SIC) choosing the first conflict in CBS nodes Runtime
8943,CBS/(A*/SIC) + BP + PC without smart tie breaking using Dynamic Lazy Open List with Heuristic MVC of Cardinal Conflict Graph Heuristic Runtime
3224,ICTS 3E +ID Runtime
8832,CBS/(A*/SIC) + BP + PC without smart tie breaking using Dynamic Lazy Open List with Heuristic MVC of Cardinal Conflict Graph Heuristic Runtime
8810,MA-CBS-Global-10/(EPEA*/SIC) choosing the first conflict in CBS nodes Runtime
8884,CBS/(A*/SIC) + BP + PC without smart tie breaking using Dynamic Lazy Open List with Heuristic MVC of Cardinal Conflict Graph Heuristic Runtime
3146,MA-CBS-Global-10/(EPEA*/SIC) choosing the first conflict in CBS nodes Runtime
8853,CBS/(A*/SIC) + BP + PC without smart tie breaking using Dynamic Lazy Open List with Heuristic MVC of Cardinal Conflict Graph Heuristic Runtime
3123,MA-CBS-Global-10/(EPEA*/SIC) choosing the first conflict in CBS nodes Runtime
9021,CBS/(A*/SIC) + BP + PC without smart tie breaking using Dynamic Lazy Open List with Heuristic MVC of Cardinal Conflict Graph Heuristic Runtime
8966,MA-CBS-Global-10/(EPEA*/SIC) choosing the first conflict in CBS nodes Runtime
8957,CBS/(A*/SIC) + BP + PC without smart tie breaking using Dynamic Lazy Open List with Heuristic MVC of Cardinal Conflict Graph Heuristic Runtime
9027,CBS/(A*/SIC) + BP + PC without smart tie breaking using Dynamic Lazy Open List with Heuristic MVC of Cardinal Conflict Graph Heuristic Runtime
9013,CBS/(A*/SIC) + BP + PC without smart tie breaking using Dynamic Lazy Open List with Heuristic MVC of Cardinal Conflict Graph Heuristic Runtime
3206,CBS/(A*/SIC) + BP + PC without smart tie breaking using Dynamic Lazy Open List with Heuristic MVC of Cardinal Conflict Graph Heuristic Runtime
8954,CBS/(A*/SIC) + BP + PC without smart tie breaking using Dynamic Lazy Open List with Heuristic MVC of Cardinal Conflict Graph Heuristic Runtime
8866,MA-CBS-Global-10/(EPEA*/SIC) choosing the first conflict in CBS nodes Runtime
3296,MA-CBS-Global-10/(EPEA*/SIC) choosing the first conflict in CBS nodes Runtime
3272,CBS/(A*/SIC) + BP + PC without smart tie breaking using Dynamic Lazy Open List with Heuristic MVC of Cardinal Conflict Graph Heuristic Runtime
3119,CBS/(A*/SIC) + BP + PC without smart tie breaking using Dynamic Lazy Open List with Heuristic MVC of Cardinal Conflict Graph Heuristic Runtime
3248,MA-CBS-Global-10/(EPEA*/SIC) choosing the first conflict in CBS nodes Runtime
8933,CBS/(A*/SIC) + BP + PC without smart tie breaking using Dynamic Lazy Open List with Heuristic MVC of Cardinal Conflict Graph Heuristic Runtime
3280,MA-CBS-Global-10/(EPEA*/SIC) choosing the first conflict in CBS nodes Runtime
9047,CBS/(A*/SIC) + BP + PC without smart tie breaking using Dynamic Lazy Open List with Heuristic MVC of Cardinal Conflict Graph Heuristic Runtime
3255,MA-CBS-Global-10/(EPEA*/SIC) choosing the first conflict in CBS nodes Runtime
8837,CBS/(A*/SIC) + BP + PC without smart tie breaking using Dynamic Lazy Open List with Heuristic MVC of Cardinal Conflict Graph Heuristic Runtime
8877,CBS/(A*/SIC) + BP + PC without smart tie breaking using Dynamic Lazy Open List with Heuristic MVC of Cardinal Conflict Graph Heuristic Runtime
3271,MA-CBS-Global-10/(EPEA*/SIC) choosing the first conflict in CBS nodes Runtime
12437,CBS/(A*/SIC) + BP + PC without smart tie breaking using Dynamic Lazy Open List with Heuristic MVC of Cardinal Conflict Graph Heuristic Runtime
11911,CBS/(A*/SIC) + BP + PC without smart tie breaking using Dynamic Lazy Open List with Heuristic MVC of Cardinal Conflict Graph Heuristic Runtime
8885,MA-CBS-Global-10/(EPEA*/SIC) choosing the first conflict in CBS nodes Runtime
3234,CBS/(A*/SIC) + BP + PC without smart tie breaking using Dynamic Lazy Open List with Heuristic MVC of Cardinal Conflict Graph Heuristic Runtime
8958,CBS/(A*/SIC) + BP + PC without smart tie breaking using Dynamic Lazy Open List with Heuristic MVC of Cardinal Conflict Graph Heuristic Runtime
11894,CBS/(A*/SIC) + BP + PC without smart tie breaking using Dynamic Lazy Open List with Heuristic MVC of Cardinal Conflict Graph Heuristic Runtime
