5210,CBS/(A*/SIC) + BP + PC without smart tie breaking using Dynamic Lazy Open List with Heuristic MVC of Cardinal Conflict Graph Heuristic Runtime
11348,CBS/(A*/SIC) + BP + PC without smart tie breaking using Dynamic Lazy Open List with Heuristic MVC of Cardinal Conflict Graph Heuristic Runtime
5491,ICTS 3E +ID Runtime
5435,MA-CBS-Global-10/(EPEA*/SIC) choosing the first conflict in CBS nodes Runtime
5208,CBS/(A*/SIC) + BP + PC without smart tie breaking using Dynamic Lazy Open List with Heuristic MVC of Cardinal Conflict Graph Heuristic Runtime
11294,CBS/(A*/SIC) + BP + PC without smart tie breaking using Dynamic Lazy Open List with Heuristic MVC of Cardinal Conflict Graph Heuristic Runtime
5347,CBS/(A*/SIC) + BP + PC without smart tie breaking using Dynamic Lazy Open List with Heuristic MVC of Cardinal Conflict Graph Heuristic Runtime
5342,MA-CBS-Global-10/(EPEA*/SIC) choosing the first conflict in CBS nodes Runtime
11404,MA-CBS-Global-10/(EPEA*/SIC) choosing the first conflict in CBS nodes Runtime
5494,Basic-CBS/(A*/SIC)+ID Runtime
11391,CBS/(A*/SIC) + BP + PC without smart tie breaking using Dynamic Lazy Open List with Heuristic MVC of Cardinal Conflict Graph Heuristic Runtime
5431,MA-CBS-Global-10/(EPEA*/SIC) choosing the first conflict in CBS nodes Runtime
5268,MA-CBS-Global-10/(EPEA*/SIC) choosing the first conflict in CBS nodes Runtime
5365,MA-CBS-Global-10/(EPEA*/SIC) choosing the first conflict in CBS nodes Runtime
12700,CBS/(A*/SIC) + BP + PC without smart tie breaking using Dynamic Lazy Open List with Heuristic MVC of Cardinal Conflict Graph Heuristic Runtime
11116,CBS/(A*/SIC) + BP + PC without smart tie breaking using Dynamic Lazy Open List with Heuristic MVC of Cardinal Conflict Graph Heuristic Runtime
5323,A*+OD+ID Runtime
5237,ICTS 3E +ID Runtime
11306,MA-CBS-Global-10/(EPEA*/SIC) choosing the first conflict in CBS nodes Runtime
5307,CBS/(A*/SIC) + BP + PC without smart tie breaking using Dynamic Lazy Open List with Heuristic MVC of Cardinal Conflict Graph Heuristic Runtime
5349,CBS/(A*/SIC) + BP + PC without smart tie breaking using Dynamic Lazy Open List with Heuristic MVC of Cardinal Conflict Graph Heuristic Runtime
11172,CBS/(A*/SIC) + BP + PC without smart tie breaking using Dynamic Lazy Open List with Heuristic MVC of Cardinal Conflict Graph Heuristic Runtime
5403,CBS/(A*/SIC) + BP + PC without smart tie breaking using Dynamic Lazy Open List with Heuristic MVC of Cardinal Conflict Graph Heuristic Runtime
12703,CBS/(A*/SIC) + BP + PC without smart tie breaking using Dynamic Lazy Open List with Heuristic MVC of Cardinal Conflict Graph Heuristic Runtime
11187,Basic-CBS/(A*/SIC)+ID Runtime
11166,MA-CBS-Global-10/(EPEA*/SIC) choosing the first conflict in CBS nodes Runtime
5394,CBS/(A*/SIC) + BP + PC without smart tie breaking using Dynamic Lazy Open List with Heuristic MVC of Cardinal Conflict Graph Heuristic Runtime
12688,CBS/(A*/SIC) + BP + PC without smart tie breaking using Dynamic Lazy Open List with Heuristic MVC of Cardinal Conflict Graph Heuristic Runtime
5324,CBS/(A*/SIC) + BP + PC without smart tie breaking using Dynamic Lazy Open List with Heuristic MVC of Cardinal Conflict Graph Heuristic Runtime
11238,MA-CBS-Global-10/(EPEA*/SIC) choosing the first conflict in CBS nodes Runtime
11132,ICTS 3E +ID Runtime
11407,MA-CBS-Global-10/(EPEA*/SIC) choosing the first conflict in CBS nodes Runtime
11214,MA-CBS-Global-10/(EPEA*/SIC) choosing the first conflict in CBS nodes Runtime
11206,CBS/(A*/SIC) + BP + PC without smart tie breaking using Dynamic Lazy Open List with Heuristic MVC of Cardinal Conflict Graph Heuristic Runtime
5532,CBS/(A*/SIC) + BP + PC without smart tie breaking using Dynamic Lazy Open List with Heuristic MVC of Cardinal Conflict Graph Heuristic Runtime
5274,MA-CBS-Global-10/(EPEA*/SIC) choosing the first conflict in CBS nodes Runtime
5516,CBS/(A*/SIC) + BP + PC without smart tie breaking using Dynamic Lazy Open List with Heuristic MVC of Cardinal Conflict Graph Heuristic Runtime
5279,CBS/(A*/SIC) + BP + PC without smart tie breaking using Dynamic Lazy Open List with Heuristic MVC of Cardinal Conflict Graph Heuristic Runtime
5437,MA-CBS-Global-10/(EPEA*/SIC) choosing the first conflict in CBS nodes Runtime
11108,CBS/(A*/SIC) + BP + PC without smart tie breaking using Dynamic Lazy Open List with Heuristic MVC of Cardinal Conflict Graph Heuristic Runtime
11183,Basic-CBS/(A*/SIC)+ID Runtime
11251,ICTS 3E +ID Runtime
11297,CBS/(A*/SIC) + BP + PC without smart tie breaking using Dynamic Lazy Open List with Heuristic MVC of Cardinal Conflict Graph Heuristic Runtime
5276,MA-CBS-Global-10/(EPEA*/SIC) choosing the first conflict in CBS nodes Runtime
11395,CBS/(A*/SIC) + BP + PC without smart tie breaking using Dynamic Lazy Open List with Heuristic MVC of Cardinal Conflict Graph Heuristic Runtime
11203,Basic-CBS/(A*/SIC)+ID Runtime
11267,EPEA*+ID Runtime
5498,Basic-CBS/(A*/SIC)+ID Runtime
5364,MA-CBS-Global-10/(EPEA*/SIC) choosing the first conflict in CBS nodes Runtime
5289,Basic-CBS/(A*/SIC)+ID Runtime
5287,ICTS 3E +ID Runtime
5471,EPEA*+ID Runtime
5439,CBS/(A*/SIC) + BP + PC without smart tie breaking using Dynamic Lazy Open List with Heuristic MVC of Cardinal Conflict Graph Heuristic Runtime
11196,Basic-CBS/(A*/SIC)+ID Runtime
5198,MA-CBS-Global-10/(EPEA*/SIC) choosing the first conflict in CBS nodes Runtime
5313,CBS/(A*/SIC) + BP + PC without smart tie breaking using Dynamic Lazy Open List with Heuristic MVC of Cardinal Conflict Graph Heuristic Runtime
11235,MA-CBS-Global-10/(EPEA*/SIC) choosing the first conflict in CBS nodes Runtime
5374,CBS/(A*/SIC) + BP + PC without smart tie breaking using Dynamic Lazy Open List with Heuristic MVC of Cardinal Conflict Graph Heuristic Runtime
11133,ICTS 3E +ID Runtime
11394,CBS/(A*/SIC) + BP + PC without smart tie breaking using Dynamic Lazy Open List with Heuristic MVC of Cardinal Conflict Graph Heuristic Runtime
11266,EPEA*+ID Runtime
5295,MA-CBS-Global-10/(EPEA*/SIC) choosing the first conflict in CBS nodes Runtime
11361,Basic-CBS/(A*/SIC)+ID Runtime
12699,CBS/(A*/SIC) + BP + PC without smart tie breaking using Dynamic Lazy Open List with Heuristic MVC of Cardinal Conflict Graph Heuristic Runtime
11134,ICTS 3E +ID Runtime
11112,CBS/(A*/SIC) + BP + PC without smart tie breaking using Dynamic Lazy Open List with Heuristic MVC of Cardinal Conflict Graph Heuristic Runtime
11078,CBS/(A*/SIC) + BP + PC without smart tie breaking using Dynamic Lazy Open List with Heuristic MVC of Cardinal Conflict Graph Heuristic Runtime
11173,CBS/(A*/SIC) + BP + PC without smart tie breaking using Dynamic Lazy Open List with Heuristic MVC of Cardinal Conflict Graph Heuristic Runtime
5421,CBS/(A*/SIC) + BP + PC without smart tie breaking using Dynamic Lazy Open List with Heuristic MVC of Cardinal Conflict Graph Heuristic Runtime
11232,MA-CBS-Global-10/(EPEA*/SIC) choosing the first conflict in CBS nodes Runtime
5503,CBS/(A*/SIC) + BP + PC without smart tie breaking using Dynamic Lazy Open List with Heuristic MVC of Cardinal Conflict Graph Heuristic Runtime
5530,CBS/(A*/SIC) + BP + PC without smart tie breaking using Dynamic Lazy Open List with Heuristic MVC of Cardinal Conflict Graph Heuristic Runtime
5202,MA-CBS-Global-10/(EPEA*/SIC) choosing the first conflict in CBS nodes Runtime
5301,CBS/(A*/SIC) + BP + PC without smart tie breaking using Dynamic Lazy Open List with Heuristic MVC of Cardinal Conflict Graph Heuristic Runtime
5438,MA-CBS-Global-10/(EPEA*/SIC) choosing the first conflict in CBS nodes Runtime
12695,CBS/(A*/SIC) + BP + PC without smart tie breaking using Dynamic Lazy Open List with Heuristic MVC of Cardinal Conflict Graph Heuristic Runtime
11240,MA-CBS-Global-10/(EPEA*/SIC) choosing the first conflict in CBS nodes Runtime
11087,CBS/(A*/SIC) + BP + PC without smart tie breaking using Dynamic Lazy Open List with Heuristic MVC of Cardinal Conflict Graph Heuristic Runtime
5247,CBS/(A*/SIC) + BP + PC without smart tie breaking using Dynamic Lazy Open List with Heuristic MVC of Cardinal Conflict Graph Heuristic Runtime
5388,ICTS 3E +ID Runtime
5454,EPEA*+ID Runtime
11310,CBS/(A*/SIC) + BP + PC without smart tie breaking using Dynamic Lazy Open List with Heuristic MVC of Cardinal Conflict Graph Heuristic Runtime
5329,ICTS 3E +ID Runtime
5535,CBS/(A*/SIC) + BP + PC without smart tie breaking using Dynamic Lazy Open List with Heuristic MVC of Cardinal Conflict Graph Heuristic Runtime
5413,CBS/(A*/SIC) + BP + PC without smart tie breaking using Dynamic Lazy Open List with Heuristic MVC of Cardinal Conflict Graph Heuristic Runtime
11247,CBS/(A*/SIC) + BP + PC without smart tie breaking using Dynamic Lazy Open List with Heuristic MVC of Cardinal Conflict Graph Heuristic Runtime
5504,CBS/(A*/SIC) + BP + PC without smart tie breaking using Dynamic Lazy Open List with Heuristic MVC of Cardinal Conflict Graph Heuristic Runtime
5253,ICTS 3E +ID Runtime
11325,CBS/(A*/SIC) + BP + PC without smart tie breaking using Dynamic Lazy Open List with Heuristic MVC of Cardinal Conflict Graph Heuristic Runtime
11398,CBS/(A*/SIC) + BP + PC without smart tie breaking using Dynamic Lazy Open List with Heuristic MVC of Cardinal Conflict Graph Heuristic Runtime
11122,CBS/(A*/SIC) + BP + PC without smart tie breaking using Dynamic Lazy Open List with Heuristic MVC of Cardinal Conflict Graph Heuristic Runtime
11089,CBS/(A*/SIC) + BP + PC without smart tie breaking using Dynamic Lazy Open List with Heuristic MVC of Cardinal Conflict Graph Heuristic Runtime
11218,CBS/(A*/SIC) + BP + PC without smart tie breaking using Dynamic Lazy Open List with Heuristic MVC of Cardinal Conflict Graph Heuristic Runtime
5393,ICTS 3E +ID Runtime
11261,MA-CBS-Global-10/(EPEA*/SIC) choosing the first conflict in CBS nodes Runtime
5288,ICTS 3E +ID Runtime
11231,MA-CBS-Global-10/(EPEA*/SIC) choosing the first conflict in CBS nodes Runtime
5419,CBS/(A*/SIC) + BP + PC without smart tie breaking using Dynamic Lazy Open List with Heuristic MVC of Cardinal Conflict Graph Heuristic Runtime
5529,CBS/(A*/SIC) + BP + PC without smart tie breaking using Dynamic Lazy Open List with Heuristic MVC of Cardinal Conflict Graph Heuristic Runtime
5240,ICTS 3E +ID Runtime
5261,CBS/(A*/SIC) + BP + PC without smart tie breaking using Dynamic Lazy Open List with Heuristic MVC of Cardinal Conflict Graph Heuristic Runtime
5246,CBS/(A*/SIC) + BP + PC without smart tie breaking using Dynamic Lazy Open List with Heuristic MVC of Cardinal Conflict Graph Heuristic Runtime
5486,MA-CBS-Global-10/(EPEA*/SIC) choosing the first conflict in CBS nodes Runtime
5244,MA-CBS-Global-10/(EPEA*/SIC) choosing the first conflict in CBS nodes Runtime
11225,CBS/(A*/SIC) + BP + PC without smart tie breaking using Dynamic Lazy Open List with Heuristic MVC of Cardinal Conflict Graph Heuristic Runtime
5354,CBS/(A*/SIC) + BP + PC without smart tie breaking using Dynamic Lazy Open List with Heuristic MVC of Cardinal Conflict Graph Heuristic Runtime
5211,CBS/(A*/SIC) + BP + PC without smart tie breaking using Dynamic Lazy Open List with Heuristic MVC of Cardinal Conflict Graph Heuristic Runtime
11277,A*+OD+ID Runtime
11127,ICTS 3E +ID Runtime
5341,MA-CBS-Global-10/(EPEA*/SIC) choosing the first conflict in CBS nodes Runtime
5382,CBS/(A*/SIC) + BP + PC without smart tie breaking using Dynamic Lazy Open List with Heuristic MVC of Cardinal Conflict Graph Heuristic Runtime
11351,CBS/(A*/SIC) + BP + PC without smart tie breaking using Dynamic Lazy Open List with Heuristic MVC of Cardinal Conflict Graph Heuristic Runtime
11131,ICTS 3E +ID Runtime
11414,CBS/(A*/SIC) + BP + PC without smart tie breaking using Dynamic Lazy Open List with Heuristic MVC of Cardinal Conflict Graph Heuristic Runtime
11278,EPEA*+ID Runtime
11416,ICTS 3E +ID Runtime
11386,CBS/(A*/SIC) + BP + PC without smart tie breaking using Dynamic Lazy Open List with Heuristic MVC of Cardinal Conflict Graph Heuristic Runtime
5465,CBS/(A*/SIC) + BP + PC without smart tie breaking using Dynamic Lazy Open List with Heuristic MVC of Cardinal Conflict Graph Heuristic Runtime
5350,CBS/(A*/SIC) + BP + PC without smart tie breaking using Dynamic Lazy Open List with Heuristic MVC of Cardinal Conflict Graph Heuristic Runtime
5467,MA-CBS-Global-10/(EPEA*/SIC) choosing the first conflict in CBS nodes Runtime
5345,CBS/(A*/SIC) + BP + PC without smart tie breaking using Dynamic Lazy Open List with Heuristic MVC of Cardinal Conflict Graph Heuristic Runtime
11326,CBS/(A*/SIC) + BP + PC without smart tie breaking using Dynamic Lazy Open List with Heuristic MVC of Cardinal Conflict Graph Heuristic Runtime
12005,CBS/(A*/SIC) + BP + PC without smart tie breaking using Dynamic Lazy Open List with Heuristic MVC of Cardinal Conflict Graph Heuristic Runtime
11228,MA-CBS-Global-10/(EPEA*/SIC) choosing the first conflict in CBS nodes Runtime
11328,CBS/(A*/SIC) + BP + PC without smart tie breaking using Dynamic Lazy Open List with Heuristic MVC of Cardinal Conflict Graph Heuristic Runtime
11201,Basic-CBS/(A*/SIC)+ID Runtime
11220,CBS/(A*/SIC) + BP + PC without smart tie breaking using Dynamic Lazy Open List with Heuristic MVC of Cardinal Conflict Graph Heuristic Runtime
5297,MA-CBS-Global-10/(EPEA*/SIC) choosing the first conflict in CBS nodes Runtime
11221,CBS/(A*/SIC) + BP + PC without smart tie breaking using Dynamic Lazy Open List with Heuristic MVC of Cardinal Conflict Graph Heuristic Runtime
11174,CBS/(A*/SIC) + BP + PC without smart tie breaking using Dynamic Lazy Open List with Heuristic MVC of Cardinal Conflict Graph Heuristic Runtime
5434,MA-CBS-Global-10/(EPEA*/SIC) choosing the first conflict in CBS nodes Runtime
11269,EPEA*+ID Runtime
5531,CBS/(A*/SIC) + BP + PC without smart tie breaking using Dynamic Lazy Open List with Heuristic MVC of Cardinal Conflict Graph Heuristic Runtime
5455,EPEA*+ID Runtime
11309,CBS/(A*/SIC) + BP + PC without smart tie breaking using Dynamic Lazy Open List with Heuristic MVC of Cardinal Conflict Graph Heuristic Runtime
11169,MA-CBS-Global-10/(EPEA*/SIC) choosing the first conflict in CBS nodes Runtime
11399,CBS/(A*/SIC) + BP + PC without smart tie breaking using Dynamic Lazy Open List with Heuristic MVC of Cardinal Conflict Graph Heuristic Runtime
11254,MA-CBS-Global-10/(EPEA*/SIC) choosing the first conflict in CBS nodes Runtime
11341,CBS/(A*/SIC) + BP + PC without smart tie breaking using Dynamic Lazy Open List with Heuristic MVC of Cardinal Conflict Graph Heuristic Runtime
5415,CBS/(A*/SIC) + BP + PC without smart tie breaking using Dynamic Lazy Open List with Heuristic MVC of Cardinal Conflict Graph Heuristic Runtime
11354,MA-CBS-Global-10/(EPEA*/SIC) choosing the first conflict in CBS nodes Runtime
5414,CBS/(A*/SIC) + BP + PC without smart tie breaking using Dynamic Lazy Open List with Heuristic MVC of Cardinal Conflict Graph Heuristic Runtime
11123,CBS/(A*/SIC) + BP + PC without smart tie breaking using Dynamic Lazy Open List with Heuristic MVC of Cardinal Conflict Graph Heuristic Runtime
11226,CBS/(A*/SIC) + BP + PC without smart tie breaking using Dynamic Lazy Open List with Heuristic MVC of Cardinal Conflict Graph Heuristic Runtime
11292,CBS/(A*/SIC) + BP + PC without smart tie breaking using Dynamic Lazy Open List with Heuristic MVC of Cardinal Conflict Graph Heuristic Runtime
5447,EPEA*+ID Runtime
5452,EPEA*+ID Runtime
5319,CBS/(A*/SIC) + BP + PC without smart tie breaking using Dynamic Lazy Open List with Heuristic MVC of Cardinal Conflict Graph Heuristic Runtime
11241,MA-CBS-Global-10/(EPEA*/SIC) choosing the first conflict in CBS nodes Runtime
11272,EPEA*+ID Runtime
11340,CBS/(A*/SIC) + BP + PC without smart tie breaking using Dynamic Lazy Open List with Heuristic MVC of Cardinal Conflict Graph Heuristic Runtime
5490,CBS/(A*/SIC) + BP + PC without smart tie breaking using Dynamic Lazy Open List with Heuristic MVC of Cardinal Conflict Graph Heuristic Runtime
11299,CBS/(A*/SIC) + BP + PC without smart tie breaking using Dynamic Lazy Open List with Heuristic MVC of Cardinal Conflict Graph Heuristic Runtime
5303,CBS/(A*/SIC) + BP + PC without smart tie breaking using Dynamic Lazy Open List with Heuristic MVC of Cardinal Conflict Graph Heuristic Runtime
11236,MA-CBS-Global-10/(EPEA*/SIC) choosing the first conflict in CBS nodes Runtime
11244,CBS/(A*/SIC) + BP + PC without smart tie breaking using Dynamic Lazy Open List with Heuristic MVC of Cardinal Conflict Graph Heuristic Runtime
5314,CBS/(A*/SIC) + BP + PC without smart tie breaking using Dynamic Lazy Open List with Heuristic MVC of Cardinal Conflict Graph Heuristic Runtime
12704,CBS/(A*/SIC) + BP + PC without smart tie breaking using Dynamic Lazy Open List with Heuristic MVC of Cardinal Conflict Graph Heuristic Runtime
5417,CBS/(A*/SIC) + BP + PC without smart tie breaking using Dynamic Lazy Open List with Heuristic MVC of Cardinal Conflict Graph Heuristic Runtime
11289,CBS/(A*/SIC) + BP + PC without smart tie breaking using Dynamic Lazy Open List with Heuristic MVC of Cardinal Conflict Graph Heuristic Runtime
5423,CBS/(A*/SIC) + BP + PC without smart tie breaking using Dynamic Lazy Open List with Heuristic MVC of Cardinal Conflict Graph Heuristic Runtime
5366,MA-CBS-Global-10/(EPEA*/SIC) choosing the first conflict in CBS nodes Runtime
11103,MA-CBS-Global-10/(EPEA*/SIC) choosing the first conflict in CBS nodes Runtime
5250,ICTS 3E +ID Runtime
11095,Basic-CBS/(A*/SIC)+ID Runtime
5316,A*+OD+ID Runtime
5470,EPEA*+ID Runtime
5443,CBS/(A*/SIC) + BP + PC without smart tie breaking using Dynamic Lazy Open List with Heuristic MVC of Cardinal Conflict Graph Heuristic Runtime
5512,CBS/(A*/SIC) + BP + PC without smart tie breaking using Dynamic Lazy Open List with Heuristic MVC of Cardinal Conflict Graph Heuristic Runtime
12687,CBS/(A*/SIC) + BP + PC without smart tie breaking using Dynamic Lazy Open List with Heuristic MVC of Cardinal Conflict Graph Heuristic Runtime
5380,CBS/(A*/SIC) + BP + PC without smart tie breaking using Dynamic Lazy Open List with Heuristic MVC of Cardinal Conflict Graph Heuristic Runtime
5258,Basic-CBS/(A*/SIC)+ID Runtime
11347,CBS/(A*/SIC) + BP + PC without smart tie breaking using Dynamic Lazy Open List with Heuristic MVC of Cardinal Conflict Graph Heuristic Runtime
11140,CBS/(A*/SIC) + BP + PC without smart tie breaking using Dynamic Lazy Open List with Heuristic MVC of Cardinal Conflict Graph Heuristic Runtime
11198,Basic-CBS/(A*/SIC)+ID Runtime
11204,Basic-CBS/(A*/SIC)+ID Runtime
12694,CBS/(A*/SIC) + BP + PC without smart tie breaking using Dynamic Lazy Open List with Heuristic MVC of Cardinal Conflict Graph Heuristic Runtime
5206,MA-CBS-Global-10/(EPEA*/SIC) choosing the first conflict in CBS nodes Runtime
11202,Basic-CBS/(A*/SIC)+ID Runtime
11090,CBS/(A*/SIC) + BP + PC without smart tie breaking using Dynamic Lazy Open List with Heuristic MVC of Cardinal Conflict Graph Heuristic Runtime
11321,CBS/(A*/SIC) + BP + PC without smart tie breaking using Dynamic Lazy Open List with Heuristic MVC of Cardinal Conflict Graph Heuristic Runtime
11288,CBS/(A*/SIC) + BP + PC without smart tie breaking using Dynamic Lazy Open List with Heuristic MVC of Cardinal Conflict Graph Heuristic Runtime
11162,MA-CBS-Global-10/(EPEA*/SIC) choosing the first conflict in CBS nodes Runtime
5446,CBS/(A*/SIC) + BP + PC without smart tie breaking using Dynamic Lazy Open List with Heuristic MVC of Cardinal Conflict Graph Heuristic Runtime
12691,CBS/(A*/SIC) + BP + PC without smart tie breaking using Dynamic Lazy Open List with Heuristic MVC of Cardinal Conflict Graph Heuristic Runtime
11332,CBS/(A*/SIC) + BP + PC without smart tie breaking using Dynamic Lazy Open List with Heuristic MVC of Cardinal Conflict Graph Heuristic Runtime
5320,CBS/(A*/SIC) + BP + PC without smart tie breaking using Dynamic Lazy Open List with Heuristic MVC of Cardinal Conflict Graph Heuristic Runtime
11243,CBS/(A*/SIC) + BP + PC without smart tie breaking using Dynamic Lazy Open List with Heuristic MVC of Cardinal Conflict Graph Heuristic Runtime
5292,MA-CBS-Global-10/(EPEA*/SIC) choosing the first conflict in CBS nodes Runtime
11185,Basic-CBS/(A*/SIC)+ID Runtime
5355,CBS/(A*/SIC) + BP + PC without smart tie breaking using Dynamic Lazy Open List with Heuristic MVC of Cardinal Conflict Graph Heuristic Runtime
11097,CBS/(A*/SIC) + BP + PC without smart tie breaking using Dynamic Lazy Open List with Heuristic MVC of Cardinal Conflict Graph Heuristic Runtime
5384,ICTS 3E +ID Runtime
5440,CBS/(A*/SIC) + BP + PC without smart tie breaking using Dynamic Lazy Open List with Heuristic MVC of Cardinal Conflict Graph Heuristic Runtime
11324,CBS/(A*/SIC) + BP + PC without smart tie breaking using Dynamic Lazy Open List with Heuristic MVC of Cardinal Conflict Graph Heuristic Runtime
11200,Basic-CBS/(A*/SIC)+ID Runtime
11125,CBS/(A*/SIC) + BP + PC without smart tie breaking using Dynamic Lazy Open List with Heuristic MVC of Cardinal Conflict Graph Heuristic Runtime
5513,CBS/(A*/SIC) + BP + PC without smart tie breaking using Dynamic Lazy Open List with Heuristic MVC of Cardinal Conflict Graph Heuristic Runtime
11151,ICTS 3E +ID Runtime
5305,CBS/(A*/SIC) + BP + PC without smart tie breaking using Dynamic Lazy Open List with Heuristic MVC of Cardinal Conflict Graph Heuristic Runtime
5266,MA-CBS-Global-10/(EPEA*/SIC) choosing the first conflict in CBS nodes Runtime
5312,CBS/(A*/SIC) + BP + PC without smart tie breaking using Dynamic Lazy Open List with Heuristic MVC of Cardinal Conflict Graph Heuristic Runtime
11273,EPEA*+ID Runtime
5528,CBS/(A*/SIC) + BP + PC without smart tie breaking using Dynamic Lazy Open List with Heuristic MVC of Cardinal Conflict Graph Heuristic Runtime
5257,Basic-CBS/(A*/SIC)+ID Runtime
5270,MA-CBS-Global-10/(EPEA*/SIC) choosing the first conflict in CBS nodes Runtime
5331,ICTS 3E +ID Runtime
5407,CBS/(A*/SIC) + BP + PC without smart tie breaking using Dynamic Lazy Open List with Heuristic MVC of Cardinal Conflict Graph Heuristic Runtime
5294,MA-CBS-Global-10/(EPEA*/SIC) choosing the first conflict in CBS nodes Runtime
12680,CBS/(A*/SIC) + BP + PC without smart tie breaking using Dynamic Lazy Open List with Heuristic MVC of Cardinal Conflict Graph Heuristic Runtime
5249,ICTS 3E +ID Runtime
5357,CBS/(A*/SIC) + BP + PC without smart tie breaking using Dynamic Lazy Open List with Heuristic MVC of Cardinal Conflict Graph Heuristic Runtime
11158,ICTS 3E +ID Runtime
11199,Basic-CBS/(A*/SIC)+ID Runtime
11419,CBS/(A*/SIC) + BP + PC without smart tie breaking using Dynamic Lazy Open List with Heuristic MVC of Cardinal Conflict Graph Heuristic Runtime
5327,ICTS 3E +ID Runtime
11234,MA-CBS-Global-10/(EPEA*/SIC) choosing the first conflict in CBS nodes Runtime
5252,ICTS 3E +ID Runtime
11213,MA-CBS-Global-10/(EPEA*/SIC) choosing the first conflict in CBS nodes Runtime
5348,CBS/(A*/SIC) + BP + PC without smart tie breaking using Dynamic Lazy Open List with Heuristic MVC of Cardinal Conflict Graph Heuristic Runtime
5241,ICTS 3E +ID Runtime
11242,CBS/(A*/SIC) + BP + PC without smart tie breaking using Dynamic Lazy Open List with Heuristic MVC of Cardinal Conflict Graph Heuristic Runtime
5265,MA-CBS-Global-10/(EPEA*/SIC) choosing the first conflict in CBS nodes Runtime
11124,CBS/(A*/SIC) + BP + PC without smart tie breaking using Dynamic Lazy Open List with Heuristic MVC of Cardinal Conflict Graph Heuristic Runtime
11417,ICTS 3E +ID Runtime
5492,CBS/(A*/SIC) + BP + PC without smart tie breaking using Dynamic Lazy Open List with Heuristic MVC of Cardinal Conflict Graph Heuristic Runtime
5517,CBS/(A*/SIC) + BP + PC without smart tie breaking using Dynamic Lazy Open List with Heuristic MVC of Cardinal Conflict Graph Heuristic Runtime
12011,CBS/(A*/SIC) + BP + PC without smart tie breaking using Dynamic Lazy Open List with Heuristic MVC of Cardinal Conflict Graph Heuristic Runtime
5519,CBS/(A*/SIC) + BP + PC without smart tie breaking using Dynamic Lazy Open List with Heuristic MVC of Cardinal Conflict Graph Heuristic Runtime
11210,CBS/(A*/SIC) + BP + PC without smart tie breaking using Dynamic Lazy Open List with Heuristic MVC of Cardinal Conflict Graph Heuristic Runtime
11392,CBS/(A*/SIC) + BP + PC without smart tie breaking using Dynamic Lazy Open List with Heuristic MVC of Cardinal Conflict Graph Heuristic Runtime
11155,CBS/(A*/SIC) + BP + PC without smart tie breaking using Dynamic Lazy Open List with Heuristic MVC of Cardinal Conflict Graph Heuristic Runtime
11281,EPEA*+ID Runtime
5409,CBS/(A*/SIC) + BP + PC without smart tie breaking using Dynamic Lazy Open List with Heuristic MVC of Cardinal Conflict Graph Heuristic Runtime
5212,ICTS 3E +ID Runtime
5218,ICTS 3E +ID Runtime
5401,CBS/(A*/SIC) + BP + PC without smart tie breaking using Dynamic Lazy Open List with Heuristic MVC of Cardinal Conflict Graph Heuristic Runtime
5432,MA-CBS-Global-10/(EPEA*/SIC) choosing the first conflict in CBS nodes Runtime
11360,Basic-CBS/(A*/SIC)+ID Runtime
11145,CBS/(A*/SIC) + BP + PC without smart tie breaking using Dynamic Lazy Open List with Heuristic MVC of Cardinal Conflict Graph Heuristic Runtime
11118,MA-CBS-Global-10/(EPEA*/SIC) choosing the first conflict in CBS nodes Runtime
11120,MA-CBS-Global-10/(EPEA*/SIC) choosing the first conflict in CBS nodes Runtime
11117,CBS/(A*/SIC) + BP + PC without smart tie breaking using Dynamic Lazy Open List with Heuristic MVC of Cardinal Conflict Graph Heuristic Runtime
5477,CBS/(A*/SIC) + BP + PC without smart tie breaking using Dynamic Lazy Open List with Heuristic MVC of Cardinal Conflict Graph Heuristic Runtime
5310,CBS/(A*/SIC) + BP + PC without smart tie breaking using Dynamic Lazy Open List with Heuristic MVC of Cardinal Conflict Graph Heuristic Runtime
11114,CBS/(A*/SIC) + BP + PC without smart tie breaking using Dynamic Lazy Open List with Heuristic MVC of Cardinal Conflict Graph Heuristic Runtime
5499,Basic-CBS/(A*/SIC)+ID Runtime
5450,EPEA*+ID Runtime
5238,ICTS 3E +ID Runtime
5216,CBS/(A*/SIC) + BP + PC without smart tie breaking using Dynamic Lazy Open List with Heuristic MVC of Cardinal Conflict Graph Heuristic Runtime
12678,CBS/(A*/SIC) + BP + PC without smart tie breaking using Dynamic Lazy Open List with Heuristic MVC of Cardinal Conflict Graph Heuristic Runtime
5385,ICTS 3E +ID Runtime
11188,Basic-CBS/(A*/SIC)+ID Runtime
5487,MA-CBS-Global-10/(EPEA*/SIC) choosing the first conflict in CBS nodes Runtime
5397,MA-CBS-Global-10/(EPEA*/SIC) choosing the first conflict in CBS nodes Runtime
11081,MA-CBS-Global-10/(EPEA*/SIC) choosing the first conflict in CBS nodes Runtime
5243,MA-CBS-Global-10/(EPEA*/SIC) choosing the first conflict in CBS nodes Runtime
5363,MA-CBS-Global-10/(EPEA*/SIC) choosing the first conflict in CBS nodes Runtime
11298,CBS/(A*/SIC) + BP + PC without smart tie breaking using Dynamic Lazy Open List with Heuristic MVC of Cardinal Conflict Graph Heuristic Runtime
12012,CBS/(A*/SIC) + BP + PC without smart tie breaking using Dynamic Lazy Open List with Heuristic MVC of Cardinal Conflict Graph Heuristic Runtime
5260,Basic-CBS/(A*/SIC)+ID Runtime
5395,CBS/(A*/SIC) + BP + PC without smart tie breaking using Dynamic Lazy Open List with Heuristic MVC of Cardinal Conflict Graph Heuristic Runtime
5430,CBS/(A*/SIC) + BP + PC without smart tie breaking using Dynamic Lazy Open List with Heuristic MVC of Cardinal Conflict Graph Heuristic Runtime
11260,CBS/(A*/SIC) + BP + PC without smart tie breaking using Dynamic Lazy Open List with Heuristic MVC of Cardinal Conflict Graph Heuristic Runtime
5351,CBS/(A*/SIC) + BP + PC without smart tie breaking using Dynamic Lazy Open List with Heuristic MVC of Cardinal Conflict Graph Heuristic Runtime
5203,CBS/(A*/SIC) + BP + PC without smart tie breaking using Dynamic Lazy Open List with Heuristic MVC of Cardinal Conflict Graph Heuristic Runtime
11270,EPEA*+ID Runtime
5229,CBS/(A*/SIC) + BP + PC without smart tie breaking using Dynamic Lazy Open List with Heuristic MVC of Cardinal Conflict Graph Heuristic Runtime
5510,CBS/(A*/SIC) + BP + PC without smart tie breaking using Dynamic Lazy Open List with Heuristic MVC of Cardinal Conflict Graph Heuristic Runtime
5230,CBS/(A*/SIC) + BP + PC without smart tie breaking using Dynamic Lazy Open List with Heuristic MVC of Cardinal Conflict Graph Heuristic Runtime
5509,CBS/(A*/SIC) + BP + PC without smart tie breaking using Dynamic Lazy Open List with Heuristic MVC of Cardinal Conflict Graph Heuristic Runtime
11259,MA-CBS-Global-10/(EPEA*/SIC) choosing the first conflict in CBS nodes Runtime
11336,MA-CBS-Global-10/(EPEA*/SIC) choosing the first conflict in CBS nodes Runtime
5219,CBS/(A*/SIC) + BP + PC without smart tie breaking using Dynamic Lazy Open List with Heuristic MVC of Cardinal Conflict Graph Heuristic Runtime
5269,MA-CBS-Global-10/(EPEA*/SIC) choosing the first conflict in CBS nodes Runtime
11352,MA-CBS-Global-10/(EPEA*/SIC) choosing the first conflict in CBS nodes Runtime
11248,CBS/(A*/SIC) + BP + PC without smart tie breaking using Dynamic Lazy Open List with Heuristic MVC of Cardinal Conflict Graph Heuristic Runtime
5422,CBS/(A*/SIC) + BP + PC without smart tie breaking using Dynamic Lazy Open List with Heuristic MVC of Cardinal Conflict Graph Heuristic Runtime
5522,MA-CBS-Global-10/(EPEA*/SIC) choosing the first conflict in CBS nodes Runtime
5392,ICTS 3E +ID Runtime
5344,CBS/(A*/SIC) + BP + PC without smart tie breaking using Dynamic Lazy Open List with Heuristic MVC of Cardinal Conflict Graph Heuristic Runtime
11346,CBS/(A*/SIC) + BP + PC without smart tie breaking using Dynamic Lazy Open List with Heuristic MVC of Cardinal Conflict Graph Heuristic Runtime
5335,ICTS 3E +ID Runtime
5472,EPEA*+ID Runtime
11413,CBS/(A*/SIC) + BP + PC without smart tie breaking using Dynamic Lazy Open List with Heuristic MVC of Cardinal Conflict Graph Heuristic Runtime
5493,ICTS 3E +ID Runtime
5262,MA-CBS-Global-10/(EPEA*/SIC) choosing the first conflict in CBS nodes Runtime
11091,CBS/(A*/SIC) + BP + PC without smart tie breaking using Dynamic Lazy Open List with Heuristic MVC of Cardinal Conflict Graph Heuristic Runtime
11144,CBS/(A*/SIC) + BP + PC without smart tie breaking using Dynamic Lazy Open List with Heuristic MVC of Cardinal Conflict Graph Heuristic Runtime
5533,CBS/(A*/SIC) + BP + PC without smart tie breaking using Dynamic Lazy Open List with Heuristic MVC of Cardinal Conflict Graph Heuristic Runtime
11296,CBS/(A*/SIC) + BP + PC without smart tie breaking using Dynamic Lazy Open List with Heuristic MVC of Cardinal Conflict Graph Heuristic Runtime
11369,CBS/(A*/SIC) + BP + PC without smart tie breaking using Dynamic Lazy Open List with Heuristic MVC of Cardinal Conflict Graph Heuristic Runtime
11165,MA-CBS-Global-10/(EPEA*/SIC) choosing the first conflict in CBS nodes Runtime
5205,CBS/(A*/SIC) + BP + PC without smart tie breaking using Dynamic Lazy Open List with Heuristic MVC of Cardinal Conflict Graph Heuristic Runtime
11381,MA-CBS-Global-10/(EPEA*/SIC) choosing the first conflict in CBS nodes Runtime
5449,EPEA*+ID Runtime
11227,CBS/(A*/SIC) + BP + PC without smart tie breaking using Dynamic Lazy Open List with Heuristic MVC of Cardinal Conflict Graph Heuristic Runtime
5480,MA-CBS-Global-10/(EPEA*/SIC) choosing the first conflict in CBS nodes Runtime
5469,MA-CBS-Global-10/(EPEA*/SIC) choosing the first conflict in CBS nodes Runtime
11099,MA-CBS-Global-10/(EPEA*/SIC) choosing the first conflict in CBS nodes Runtime
5444,CBS/(A*/SIC) + BP + PC without smart tie breaking using Dynamic Lazy Open List with Heuristic MVC of Cardinal Conflict Graph Heuristic Runtime
5223,CBS/(A*/SIC) + BP + PC without smart tie breaking using Dynamic Lazy Open List with Heuristic MVC of Cardinal Conflict Graph Heuristic Runtime
5398,MA-CBS-Global-10/(EPEA*/SIC) choosing the first conflict in CBS nodes Runtime
11195,Basic-CBS/(A*/SIC)+ID Runtime
11211,MA-CBS-Global-10/(EPEA*/SIC) choosing the first conflict in CBS nodes Runtime
5461,ICTS 3E +ID Runtime
5239,ICTS 3E +ID Runtime
11380,MA-CBS-Global-10/(EPEA*/SIC) choosing the first conflict in CBS nodes Runtime
11385,MA-CBS-Global-10/(EPEA*/SIC) choosing the first conflict in CBS nodes Runtime
5220,MA-CBS-Global-10/(EPEA*/SIC) choosing the first conflict in CBS nodes Runtime
11388,CBS/(A*/SIC) + BP + PC without smart tie breaking using Dynamic Lazy Open List with Heuristic MVC of Cardinal Conflict Graph Heuristic Runtime
11378,CBS/(A*/SIC) + BP + PC without smart tie breaking using Dynamic Lazy Open List with Heuristic MVC of Cardinal Conflict Graph Heuristic Runtime
5383,ICTS 3E +ID Runtime
12676,CBS/(A*/SIC) + BP + PC without smart tie breaking using Dynamic Lazy Open List with Heuristic MVC of Cardinal Conflict Graph Heuristic Runtime
11387,MA-CBS-Global-10/(EPEA*/SIC) choosing the first conflict in CBS nodes Runtime
5325,ICTS 3E +ID Runtime
11393,CBS/(A*/SIC) + BP + PC without smart tie breaking using Dynamic Lazy Open List with Heuristic MVC of Cardinal Conflict Graph Heuristic Runtime
11412,CBS/(A*/SIC) + BP + PC without smart tie breaking using Dynamic Lazy Open List with Heuristic MVC of Cardinal Conflict Graph Heuristic Runtime
11178,Basic-CBS/(A*/SIC)+ID Runtime
11205,CBS/(A*/SIC) + BP + PC without smart tie breaking using Dynamic Lazy Open List with Heuristic MVC of Cardinal Conflict Graph Heuristic Runtime
5231,CBS/(A*/SIC) + BP + PC without smart tie breaking using Dynamic Lazy Open List with Heuristic MVC of Cardinal Conflict Graph Heuristic Runtime
11405,MA-CBS-Global-10/(EPEA*/SIC) choosing the first conflict in CBS nodes Runtime
5343,MA-CBS-Global-10/(EPEA*/SIC) choosing the first conflict in CBS nodes Runtime
5273,MA-CBS-Global-10/(EPEA*/SIC) choosing the first conflict in CBS nodes Runtime
11357,Basic-CBS/(A*/SIC)+ID Runtime
11401,CBS/(A*/SIC) + BP + PC without smart tie breaking using Dynamic Lazy Open List with Heuristic MVC of Cardinal Conflict Graph Heuristic Runtime
5525,MA-CBS-Global-10/(EPEA*/SIC) choosing the first conflict in CBS nodes Runtime
11338,MA-CBS-Global-10/(EPEA*/SIC) choosing the first conflict in CBS nodes Runtime
11088,CBS/(A*/SIC) + BP + PC without smart tie breaking using Dynamic Lazy Open List with Heuristic MVC of Cardinal Conflict Graph Heuristic Runtime
5481,MA-CBS-Global-10/(EPEA*/SIC) choosing the first conflict in CBS nodes Runtime
5232,MA-CBS-Global-10/(EPEA*/SIC) choosing the first conflict in CBS nodes Runtime
5526,ICTS 3E +ID Runtime
11163,MA-CBS-Global-10/(EPEA*/SIC) choosing the first conflict in CBS nodes Runtime
5441,CBS/(A*/SIC) + BP + PC without smart tie breaking using Dynamic Lazy Open List with Heuristic MVC of Cardinal Conflict Graph Heuristic Runtime
11181,Basic-CBS/(A*/SIC)+ID Runtime
5233,CBS/(A*/SIC) + BP + PC without smart tie breaking using Dynamic Lazy Open List with Heuristic MVC of Cardinal Conflict Graph Heuristic Runtime
5200,MA-CBS-Global-10/(EPEA*/SIC) choosing the first conflict in CBS nodes Runtime
12692,CBS/(A*/SIC) + BP + PC without smart tie breaking using Dynamic Lazy Open List with Heuristic MVC of Cardinal Conflict Graph Heuristic Runtime
11303,CBS/(A*/SIC) + BP + PC without smart tie breaking using Dynamic Lazy Open List with Heuristic MVC of Cardinal Conflict Graph Heuristic Runtime
11320,CBS/(A*/SIC) + BP + PC without smart tie breaking using Dynamic Lazy Open List with Heuristic MVC of Cardinal Conflict Graph Heuristic Runtime
11175,CBS/(A*/SIC) + BP + PC without smart tie breaking using Dynamic Lazy Open List with Heuristic MVC of Cardinal Conflict Graph Heuristic Runtime
5402,CBS/(A*/SIC) + BP + PC without smart tie breaking using Dynamic Lazy Open List with Heuristic MVC of Cardinal Conflict Graph Heuristic Runtime
5405,CBS/(A*/SIC) + BP + PC without smart tie breaking using Dynamic Lazy Open List with Heuristic MVC of Cardinal Conflict Graph Heuristic Runtime
5275,MA-CBS-Global-10/(EPEA*/SIC) choosing the first conflict in CBS nodes Runtime
11150,ICTS 3E +ID Runtime
11224,CBS/(A*/SIC) + BP + PC without smart tie breaking using Dynamic Lazy Open List with Heuristic MVC of Cardinal Conflict Graph Heuristic Runtime
11128,ICTS 3E +ID Runtime
11389,MA-CBS-Global-10/(EPEA*/SIC) choosing the first conflict in CBS nodes Runtime
11209,Basic-CBS/(A*/SIC)+ID Runtime
5378,CBS/(A*/SIC) + BP + PC without smart tie breaking using Dynamic Lazy Open List with Heuristic MVC of Cardinal Conflict Graph Heuristic Runtime
5396,MA-CBS-Global-10/(EPEA*/SIC) choosing the first conflict in CBS nodes Runtime
5458,EPEA*+ID Runtime
11370,MA-CBS-Global-10/(EPEA*/SIC) choosing the first conflict in CBS nodes Runtime
5264,MA-CBS-Global-10/(EPEA*/SIC) choosing the first conflict in CBS nodes Runtime
5389,ICTS 3E +ID Runtime
11177,ICTS 3E +ID Runtime
5356,CBS/(A*/SIC) + BP + PC without smart tie breaking using Dynamic Lazy Open List with Heuristic MVC of Cardinal Conflict Graph Heuristic Runtime
12696,CBS/(A*/SIC) + BP + PC without smart tie breaking using Dynamic Lazy Open List with Heuristic MVC of Cardinal Conflict Graph Heuristic Runtime
11170,MA-CBS-Global-10/(EPEA*/SIC) choosing the first conflict in CBS nodes Runtime
12683,CBS/(A*/SIC) + BP + PC without smart tie breaking using Dynamic Lazy Open List with Heuristic MVC of Cardinal Conflict Graph Heuristic Runtime
5476,CBS/(A*/SIC) + BP + PC without smart tie breaking using Dynamic Lazy Open List with Heuristic MVC of Cardinal Conflict Graph Heuristic Runtime
11216,CBS/(A*/SIC) + BP + PC without smart tie breaking using Dynamic Lazy Open List with Heuristic MVC of Cardinal Conflict Graph Heuristic Runtime
5259,Basic-CBS/(A*/SIC)+ID Runtime
11246,CBS/(A*/SIC) + BP + PC without smart tie breaking using Dynamic Lazy Open List with Heuristic MVC of Cardinal Conflict Graph Heuristic Runtime
5352,CBS/(A*/SIC) + BP + PC without smart tie breaking using Dynamic Lazy Open List with Heuristic MVC of Cardinal Conflict Graph Heuristic Runtime
5346,CBS/(A*/SIC) + BP + PC without smart tie breaking using Dynamic Lazy Open List with Heuristic MVC of Cardinal Conflict Graph Heuristic Runtime
5369,MA-CBS-Global-10/(EPEA*/SIC) choosing the first conflict in CBS nodes Runtime
11290,CBS/(A*/SIC) + BP + PC without smart tie breaking using Dynamic Lazy Open List with Heuristic MVC of Cardinal Conflict Graph Heuristic Runtime
11275,EPEA*+ID Runtime
5484,CBS/(A*/SIC) + BP + PC without smart tie breaking using Dynamic Lazy Open List with Heuristic MVC of Cardinal Conflict Graph Heuristic Runtime
5436,MA-CBS-Global-10/(EPEA*/SIC) choosing the first conflict in CBS nodes Runtime
11138,ICTS 3E +ID Runtime
11126,CBS/(A*/SIC) + BP + PC without smart tie breaking using Dynamic Lazy Open List with Heuristic MVC of Cardinal Conflict Graph Heuristic Runtime
5489,CBS/(A*/SIC) + BP + PC without smart tie breaking using Dynamic Lazy Open List with Heuristic MVC of Cardinal Conflict Graph Heuristic Runtime
5508,CBS/(A*/SIC) + BP + PC without smart tie breaking using Dynamic Lazy Open List with Heuristic MVC of Cardinal Conflict Graph Heuristic Runtime
11406,MA-CBS-Global-10/(EPEA*/SIC) choosing the first conflict in CBS nodes Runtime
5406,CBS/(A*/SIC) + BP + PC without smart tie breaking using Dynamic Lazy Open List with Heuristic MVC of Cardinal Conflict Graph Heuristic Runtime
5234,MA-CBS-Global-10/(EPEA*/SIC) choosing the first conflict in CBS nodes Runtime
12702,CBS/(A*/SIC) + BP + PC without smart tie breaking using Dynamic Lazy Open List with Heuristic MVC of Cardinal Conflict Graph Heuristic Runtime
11383,MA-CBS-Global-10/(EPEA*/SIC) choosing the first conflict in CBS nodes Runtime
5373,CBS/(A*/SIC) + BP + PC without smart tie breaking using Dynamic Lazy Open List with Heuristic MVC of Cardinal Conflict Graph Heuristic Runtime
5251,CBS/(A*/SIC) + BP + PC without smart tie breaking using Dynamic Lazy Open List with Heuristic MVC of Cardinal Conflict Graph Heuristic Runtime
11364,MA-CBS-Global-10/(EPEA*/SIC) choosing the first conflict in CBS nodes Runtime
5485,MA-CBS-Global-10/(EPEA*/SIC) choosing the first conflict in CBS nodes Runtime
11194,Basic-CBS/(A*/SIC)+ID Runtime
11107,MA-CBS-Global-10/(EPEA*/SIC) choosing the first conflict in CBS nodes Runtime
11161,CBS/(A*/SIC) + BP + PC without smart tie breaking using Dynamic Lazy Open List with Heuristic MVC of Cardinal Conflict Graph Heuristic Runtime
11367,MA-CBS-Global-10/(EPEA*/SIC) choosing the first conflict in CBS nodes Runtime
11092,CBS/(A*/SIC) + BP + PC without smart tie breaking using Dynamic Lazy Open List with Heuristic MVC of Cardinal Conflict Graph Heuristic Runtime
11308,MA-CBS-Global-10/(EPEA*/SIC) choosing the first conflict in CBS nodes Runtime
5330,ICTS 3E +ID Runtime
11085,MA-CBS-Global-10/(EPEA*/SIC) choosing the first conflict in CBS nodes Runtime
5479,MA-CBS-Global-10/(EPEA*/SIC) choosing the first conflict in CBS nodes Runtime
11314,CBS/(A*/SIC) + BP + PC without smart tie breaking using Dynamic Lazy Open List with Heuristic MVC of Cardinal Conflict Graph Heuristic Runtime
11316,CBS/(A*/SIC) + BP + PC without smart tie breaking using Dynamic Lazy Open List with Heuristic MVC of Cardinal Conflict Graph Heuristic Runtime
11334,MA-CBS-Global-10/(EPEA*/SIC) choosing the first conflict in CBS nodes Runtime
11349,CBS/(A*/SIC) + BP + PC without smart tie breaking using Dynamic Lazy Open List with Heuristic MVC of Cardinal Conflict Graph Heuristic Runtime
5248,CBS/(A*/SIC) + BP + PC without smart tie breaking using Dynamic Lazy Open List with Heuristic MVC of Cardinal Conflict Graph Heuristic Runtime
5278,CBS/(A*/SIC) + BP + PC without smart tie breaking using Dynamic Lazy Open List with Heuristic MVC of Cardinal Conflict Graph Heuristic Runtime
11237,MA-CBS-Global-10/(EPEA*/SIC) choosing the first conflict in CBS nodes Runtime
5286,ICTS 3E +ID Runtime
5197,MA-CBS-Global-10/(EPEA*/SIC) choosing the first conflict in CBS nodes Runtime
11189,Basic-CBS/(A*/SIC)+ID Runtime
5309,CBS/(A*/SIC) + BP + PC without smart tie breaking using Dynamic Lazy Open List with Heuristic MVC of Cardinal Conflict Graph Heuristic Runtime
5302,CBS/(A*/SIC) + BP + PC without smart tie breaking using Dynamic Lazy Open List with Heuristic MVC of Cardinal Conflict Graph Heuristic Runtime
11355,MA-CBS-Global-10/(EPEA*/SIC) choosing the first conflict in CBS nodes Runtime
5442,CBS/(A*/SIC) + BP + PC without smart tie breaking using Dynamic Lazy Open List with Heuristic MVC of Cardinal Conflict Graph Heuristic Runtime
5506,CBS/(A*/SIC) + BP + PC without smart tie breaking using Dynamic Lazy Open List with Heuristic MVC of Cardinal Conflict Graph Heuristic Runtime
11154,ICTS 3E +ID Runtime
5256,CBS/(A*/SIC) + BP + PC without smart tie breaking using Dynamic Lazy Open List with Heuristic MVC of Cardinal Conflict Graph Heuristic Runtime
11192,Basic-CBS/(A*/SIC)+ID Runtime
11076,MA-CBS-Global-10/(EPEA*/SIC) choosing the first conflict in CBS nodes Runtime
5460,EPEA*+ID Runtime
12701,CBS/(A*/SIC) + BP + PC without smart tie breaking using Dynamic Lazy Open List with Heuristic MVC of Cardinal Conflict Graph Heuristic Runtime
5225,CBS/(A*/SIC) + BP + PC without smart tie breaking using Dynamic Lazy Open List with Heuristic MVC of Cardinal Conflict Graph Heuristic Runtime
5213,ICTS 3E +ID Runtime
11239,MA-CBS-Global-10/(EPEA*/SIC) choosing the first conflict in CBS nodes Runtime
11186,Basic-CBS/(A*/SIC)+ID Runtime
5284,ICTS 3E +ID Runtime
11084,MA-CBS-Global-10/(EPEA*/SIC) choosing the first conflict in CBS nodes Runtime
5333,ICTS 3E +ID Runtime
11335,MA-CBS-Global-10/(EPEA*/SIC) choosing the first conflict in CBS nodes Runtime
12684,CBS/(A*/SIC) + BP + PC without smart tie breaking using Dynamic Lazy Open List with Heuristic MVC of Cardinal Conflict Graph Heuristic Runtime
5457,EPEA*+ID Runtime
11193,Basic-CBS/(A*/SIC)+ID Runtime
5196,MA-CBS-Global-10/(EPEA*/SIC) choosing the first conflict in CBS nodes Runtime
11384,MA-CBS-Global-10/(EPEA*/SIC) choosing the first conflict in CBS nodes Runtime
5359,MA-CBS-Global-10/(EPEA*/SIC) choosing the first conflict in CBS nodes Runtime
5391,ICTS 3E +ID Runtime
11106,MA-CBS-Global-10/(EPEA*/SIC) choosing the first conflict in CBS nodes Runtime
5456,EPEA*+ID Runtime
11152,ICTS 3E +ID Runtime
5514,CBS/(A*/SIC) + BP + PC without smart tie breaking using Dynamic Lazy Open List with Heuristic MVC of Cardinal Conflict Graph Heuristic Runtime
11139,ICTS 3E +ID Runtime
11356,Basic-CBS/(A*/SIC)+ID Runtime
5521,CBS/(A*/SIC) + BP + PC without smart tie breaking using Dynamic Lazy Open List with Heuristic MVC of Cardinal Conflict Graph Heuristic Runtime
11142,MA-CBS-Global-10/(EPEA*/SIC) choosing the first conflict in CBS nodes Runtime
5199,MA-CBS-Global-10/(EPEA*/SIC) choosing the first conflict in CBS nodes Runtime
5515,CBS/(A*/SIC) + BP + PC without smart tie breaking using Dynamic Lazy Open List with Heuristic MVC of Cardinal Conflict Graph Heuristic Runtime
11337,MA-CBS-Global-10/(EPEA*/SIC) choosing the first conflict in CBS nodes Runtime
11283,CBS/(A*/SIC) + BP + PC without smart tie breaking using Dynamic Lazy Open List with Heuristic MVC of Cardinal Conflict Graph Heuristic Runtime
11215,CBS/(A*/SIC) + BP + PC without smart tie breaking using Dynamic Lazy Open List with Heuristic MVC of Cardinal Conflict Graph Heuristic Runtime
11286,CBS/(A*/SIC) + BP + PC without smart tie breaking using Dynamic Lazy Open List with Heuristic MVC of Cardinal Conflict Graph Heuristic Runtime
11179,Basic-CBS/(A*/SIC)+ID Runtime
11249,CBS/(A*/SIC) + BP + PC without smart tie breaking using Dynamic Lazy Open List with Heuristic MVC of Cardinal Conflict Graph Heuristic Runtime
5399,MA-CBS-Global-10/(EPEA*/SIC) choosing the first conflict in CBS nodes Runtime
11263,MA-CBS-Global-10/(EPEA*/SIC) choosing the first conflict in CBS nodes Runtime
5285,ICTS 3E +ID Runtime
5497,Basic-CBS/(A*/SIC)+ID Runtime
11111,CBS/(A*/SIC) + BP + PC without smart tie breaking using Dynamic Lazy Open List with Heuristic MVC of Cardinal Conflict Graph Heuristic Runtime
5222,MA-CBS-Global-10/(EPEA*/SIC) choosing the first conflict in CBS nodes Runtime
11086,CBS/(A*/SIC) + BP + PC without smart tie breaking using Dynamic Lazy Open List with Heuristic MVC of Cardinal Conflict Graph Heuristic Runtime
11390,CBS/(A*/SIC) + BP + PC without smart tie breaking using Dynamic Lazy Open List with Heuristic MVC of Cardinal Conflict Graph Heuristic Runtime
11190,Basic-CBS/(A*/SIC)+ID Runtime
5336,ICTS 3E +ID Runtime
11373,CBS/(A*/SIC) + BP + PC without smart tie breaking using Dynamic Lazy Open List with Heuristic MVC of Cardinal Conflict Graph Heuristic Runtime
5298,CBS/(A*/SIC) + BP + PC without smart tie breaking using Dynamic Lazy Open List with Heuristic MVC of Cardinal Conflict Graph Heuristic Runtime
11359,Basic-CBS/(A*/SIC)+ID Runtime
11323,CBS/(A*/SIC) + BP + PC without smart tie breaking using Dynamic Lazy Open List with Heuristic MVC of Cardinal Conflict Graph Heuristic Runtime
11342,CBS/(A*/SIC) + BP + PC without smart tie breaking using Dynamic Lazy Open List with Heuristic MVC of Cardinal Conflict Graph Heuristic Runtime
5371,CBS/(A*/SIC) + BP + PC without smart tie breaking using Dynamic Lazy Open List with Heuristic MVC of Cardinal Conflict Graph Heuristic Runtime
5227,CBS/(A*/SIC) + BP + PC without smart tie breaking using Dynamic Lazy Open List with Heuristic MVC of Cardinal Conflict Graph Heuristic Runtime
11164,MA-CBS-Global-10/(EPEA*/SIC) choosing the first conflict in CBS nodes Runtime
5272,MA-CBS-Global-10/(EPEA*/SIC) choosing the first conflict in CBS nodes Runtime
11285,CBS/(A*/SIC) + BP + PC without smart tie breaking using Dynamic Lazy Open List with Heuristic MVC of Cardinal Conflict Graph Heuristic Runtime
11317,CBS/(A*/SIC) + BP + PC without smart tie breaking using Dynamic Lazy Open List with Heuristic MVC of Cardinal Conflict Graph Heuristic Runtime
11276,EPEA*+ID Runtime
5381,CBS/(A*/SIC) + BP + PC without smart tie breaking using Dynamic Lazy Open List with Heuristic MVC of Cardinal Conflict Graph Heuristic Runtime
5468,MA-CBS-Global-10/(EPEA*/SIC) choosing the first conflict in CBS nodes Runtime
11307,MA-CBS-Global-10/(EPEA*/SIC) choosing the first conflict in CBS nodes Runtime
5300,MA-CBS-Global-10/(EPEA*/SIC) choosing the first conflict in CBS nodes Runtime
5425,CBS/(A*/SIC) + BP + PC without smart tie breaking using Dynamic Lazy Open List with Heuristic MVC of Cardinal Conflict Graph Heuristic Runtime
11350,CBS/(A*/SIC) + BP + PC without smart tie breaking using Dynamic Lazy Open List with Heuristic MVC of Cardinal Conflict Graph Heuristic Runtime
11093,CBS/(A*/SIC) + BP + PC without smart tie breaking using Dynamic Lazy Open List with Heuristic MVC of Cardinal Conflict Graph Heuristic Runtime
5483,MA-CBS-Global-10/(EPEA*/SIC) choosing the first conflict in CBS nodes Runtime
5478,CBS/(A*/SIC) + BP + PC without smart tie breaking using Dynamic Lazy Open List with Heuristic MVC of Cardinal Conflict Graph Heuristic Runtime
5328,ICTS 3E +ID Runtime
11147,CBS/(A*/SIC) + BP + PC without smart tie breaking using Dynamic Lazy Open List with Heuristic MVC of Cardinal Conflict Graph Heuristic Runtime
12677,CBS/(A*/SIC) + BP + PC without smart tie breaking using Dynamic Lazy Open List with Heuristic MVC of Cardinal Conflict Graph Heuristic Runtime
11318,CBS/(A*/SIC) + BP + PC without smart tie breaking using Dynamic Lazy Open List with Heuristic MVC of Cardinal Conflict Graph Heuristic Runtime
5332,ICTS 3E +ID Runtime
12689,CBS/(A*/SIC) + BP + PC without smart tie breaking using Dynamic Lazy Open List with Heuristic MVC of Cardinal Conflict Graph Heuristic Runtime
5459,EPEA*+ID Runtime
11396,CBS/(A*/SIC) + BP + PC without smart tie breaking using Dynamic Lazy Open List with Heuristic MVC of Cardinal Conflict Graph Heuristic Runtime
11121,CBS/(A*/SIC) + BP + PC without smart tie breaking using Dynamic Lazy Open List with Heuristic MVC of Cardinal Conflict Graph Heuristic Runtime
5201,CBS/(A*/SIC) + BP + PC without smart tie breaking using Dynamic Lazy Open List with Heuristic MVC of Cardinal Conflict Graph Heuristic Runtime
5209,CBS/(A*/SIC) + BP + PC without smart tie breaking using Dynamic Lazy Open List with Heuristic MVC of Cardinal Conflict Graph Heuristic Runtime
11109,CBS/(A*/SIC) + BP + PC without smart tie breaking using Dynamic Lazy Open List with Heuristic MVC of Cardinal Conflict Graph Heuristic Runtime
11256,MA-CBS-Global-10/(EPEA*/SIC) choosing the first conflict in CBS nodes Runtime
5377,CBS/(A*/SIC) + BP + PC without smart tie breaking using Dynamic Lazy Open List with Heuristic MVC of Cardinal Conflict Graph Heuristic Runtime
11295,CBS/(A*/SIC) + BP + PC without smart tie breaking using Dynamic Lazy Open List with Heuristic MVC of Cardinal Conflict Graph Heuristic Runtime
11375,CBS/(A*/SIC) + BP + PC without smart tie breaking using Dynamic Lazy Open List with Heuristic MVC of Cardinal Conflict Graph Heuristic Runtime
11184,Basic-CBS/(A*/SIC)+ID Runtime
5214,CBS/(A*/SIC) + BP + PC without smart tie breaking using Dynamic Lazy Open List with Heuristic MVC of Cardinal Conflict Graph Heuristic Runtime
11322,CBS/(A*/SIC) + BP + PC without smart tie breaking using Dynamic Lazy Open List with Heuristic MVC of Cardinal Conflict Graph Heuristic Runtime
5511,CBS/(A*/SIC) + BP + PC without smart tie breaking using Dynamic Lazy Open List with Heuristic MVC of Cardinal Conflict Graph Heuristic Runtime
11115,CBS/(A*/SIC) + BP + PC without smart tie breaking using Dynamic Lazy Open List with Heuristic MVC of Cardinal Conflict Graph Heuristic Runtime
11257,MA-CBS-Global-10/(EPEA*/SIC) choosing the first conflict in CBS nodes Runtime
11408,MA-CBS-Global-10/(EPEA*/SIC) choosing the first conflict in CBS nodes Runtime
5376,CBS/(A*/SIC) + BP + PC without smart tie breaking using Dynamic Lazy Open List with Heuristic MVC of Cardinal Conflict Graph Heuristic Runtime
11153,ICTS 3E +ID Runtime
5420,CBS/(A*/SIC) + BP + PC without smart tie breaking using Dynamic Lazy Open List with Heuristic MVC of Cardinal Conflict Graph Heuristic Runtime
11146,EPEA*+ID Runtime
5311,CBS/(A*/SIC) + BP + PC without smart tie breaking using Dynamic Lazy Open List with Heuristic MVC of Cardinal Conflict Graph Heuristic Runtime
5235,MA-CBS-Global-10/(EPEA*/SIC) choosing the first conflict in CBS nodes Runtime
11080,MA-CBS-Global-10/(EPEA*/SIC) choosing the first conflict in CBS nodes Runtime
11255,CBS/(A*/SIC) + BP + PC without smart tie breaking using Dynamic Lazy Open List with Heuristic MVC of Cardinal Conflict Graph Heuristic Runtime
11287,CBS/(A*/SIC) + BP + PC without smart tie breaking using Dynamic Lazy Open List with Heuristic MVC of Cardinal Conflict Graph Heuristic Runtime
5318,CBS/(A*/SIC) + BP + PC without smart tie breaking using Dynamic Lazy Open List with Heuristic MVC of Cardinal Conflict Graph Heuristic Runtime
5254,ICTS 3E +ID Runtime
5387,ICTS 3E +ID Runtime
11343,CBS/(A*/SIC) + BP + PC without smart tie breaking using Dynamic Lazy Open List with Heuristic MVC of Cardinal Conflict Graph Heuristic Runtime
11143,EPEA*+ID Runtime
5226,CBS/(A*/SIC) + BP + PC without smart tie breaking using Dynamic Lazy Open List with Heuristic MVC of Cardinal Conflict Graph Heuristic Runtime
11110,CBS/(A*/SIC) + BP + PC without smart tie breaking using Dynamic Lazy Open List with Heuristic MVC of Cardinal Conflict Graph Heuristic Runtime
5322,CBS/(A*/SIC) + BP + PC without smart tie breaking using Dynamic Lazy Open List with Heuristic MVC of Cardinal Conflict Graph Heuristic Runtime
5277,CBS/(A*/SIC) + BP + PC without smart tie breaking using Dynamic Lazy Open List with Heuristic MVC of Cardinal Conflict Graph Heuristic Runtime
11264,MA-CBS-Global-10/(EPEA*/SIC) choosing the first conflict in CBS nodes Runtime
11376,CBS/(A*/SIC) + BP + PC without smart tie breaking using Dynamic Lazy Open List with Heuristic MVC of Cardinal Conflict Graph Heuristic Runtime
5283,CBS/(A*/SIC) + BP + PC without smart tie breaking using Dynamic Lazy Open List with Heuristic MVC of Cardinal Conflict Graph Heuristic Runtime
5534,CBS/(A*/SIC) + BP + PC without smart tie breaking using Dynamic Lazy Open List with Heuristic MVC of Cardinal Conflict Graph Heuristic Runtime
11284,CBS/(A*/SIC) + BP + PC without smart tie breaking using Dynamic Lazy Open List with Heuristic MVC of Cardinal Conflict Graph Heuristic Runtime
11300,CBS/(A*/SIC) + BP + PC without smart tie breaking using Dynamic Lazy Open List with Heuristic MVC of Cardinal Conflict Graph Heuristic Runtime
5411,CBS/(A*/SIC) + BP + PC without smart tie breaking using Dynamic Lazy Open List with Heuristic MVC of Cardinal Conflict Graph Heuristic Runtime
5496,Basic-CBS/(A*/SIC)+ID Runtime
5204,MA-CBS-Global-10/(EPEA*/SIC) choosing the first conflict in CBS nodes Runtime
5326,ICTS 3E +ID Runtime
5473,ICTS 3E +ID Runtime
